Geo_FIPS,Geo_QName,Geo_FILEID,Geo_STUSAB,Geo_SUMLEV,Geo_GEOCOMP,Geo_LOGRECNO,Geo_US,Geo_REGION,Geo_DIVISION,Geo_STATECE,Geo_STATE,Geo_COUNTY,Geo_COUSUB,Geo_PLACE,Geo_TRACT,Geo_BLKGRP,Geo_CONCIT,Geo_AIANHH,Geo_AIANHHFP,Geo_AIHHTLI,Geo_AITSCE,Geo_AITS,Geo_ANRC,Geo_CBSA,Geo_CSA,Geo_METDIV,Geo_MACC,Geo_MEMI,Geo_NECTA,Geo_CNECTA,Geo_NECTADIV,Geo_UA,Geo_UACP,Geo_CDCURR,Geo_SLDU,Geo_SLDL,Geo_VTD,Geo_ZCTA3,Geo_ZCTA5,Geo_SUBMCD,Geo_SDELM,Geo_SDSEC,Geo_SDUNI,Geo_UR,Geo_PCI,Geo_TAZ,Geo_UGA,Geo_PUMA5,Geo_PUMA1,Geo_GEOID,Geo_NAME,Geo_BTTR,Geo_BTBG,Geo_PLACESE,SE_A17005_001,SE_A17005_002,SE_A17005_003,PCT_SE_A17005_002,PCT_SE_A17005_003
"42101000101","Census Tract 1.01, Philadelphia County, Pennsylvania","ACSSF","pa","140","00","0008807",,,,,"42","101",,,"000101",,,,,,,,,,,,,,,,,,,,,,,,,,,,,,,,,,,"14000US42101000101","Census Tract 1.01",,,,1675,1590,85,94.93,5.07
"42101000102","Census Tract 1.02, Philadelphia County, Pennsylvania","ACSSF","pa","140","00","0008808",,,,,"42","101",,,"000102",,,,,,,,,,,,,,,,,,,,,,,,,,,,,,,,,,,"14000US42101000102","Census Tract 1.02",,,,2246,2152,94,95.81,4.19
"42101000200","Census Tract 2, Philadelphia County, Pennsylvania","ACSSF","pa","140","00","0008809",,,,,"42","101",,,"000200",,,,,,,,,,,,,,,,,,,,,,,,,,,,,,,,,,,"14000US42101000200","Census Tract 2",,,,2361,2236,125,94.71,5.29
"42101000300","Census Tract 3, Philadelphia County, Pennsylvania","ACSSF","pa","140","00","0008810",,,,,"42","101",,,"000300",,,,,,,,,,,,,,,,,,,,,,,,,,,,,,,,,,,"14000US42101000300","Census Tract 3",,,,2097,2004,93,95.57,4.43
"42101000401","Census Tract 4.01, Philadelphia County, Pennsylvania","ACSSF","pa","140","00","0008811",,,,,"42","101",,,"000401",,,,,,,,,,,,,,,,,,,,,,,,,,,,,,,,,,,"14000US42101000401","Census Tract 4.01",,,,1630,1622,8,99.51,0.49
"42101000403","Census Tract 4.03, Philadelphia County, Pennsylvania","ACSSF","pa","140","00","0008812",,,,,"42","101",,,"000403",,,,,,,,,,,,,,,,,,,,,,,,,,,,,,,,,,,"14000US42101000403","Census Tract 4.03",,,,720,720,0,100,0
"42101000404","Census Tract 4.04, Philadelphia County, Pennsylvania","ACSSF","pa","140","00","0008813",,,,,"42","101",,,"000404",,,,,,,,,,,,,,,,,,,,,,,,,,,,,,,,,,,"14000US42101000404","Census Tract 4.04",,,,2170,2139,31,98.57,1.43
"42101000500","Census Tract 5, Philadelphia County, Pennsylvania","ACSSF","pa","140","00","0008814",,,,,"42","101",,,"000500",,,,,,,,,,,,,,,,,,,,,,,,,,,,,,,,,,,"14000US42101000500","Census Tract 5",,,,1213,1110,103,91.51,8.49
"42101000600","Census Tract 6, Philadelphia County, Pennsylvania","ACSSF","pa","140","00","0008815",,,,,"42","101",,,"000600",,,,,,,,,,,,,,,,,,,,,,,,,,,,,,,,,,,"14000US42101000600","Census Tract 6",,,,1147,1113,34,97.04,2.96
"42101000701","Census Tract 7.01, Philadelphia County, Pennsylvania","ACSSF","pa","140","00","0008816",,,,,"42","101",,,"000701",,,,,,,,,,,,,,,,,,,,,,,,,,,,,,,,,,,"14000US42101000701","Census Tract 7.01",,,,1354,1338,16,98.82,1.18
"42101000702","Census Tract 7.02, Philadelphia County, Pennsylvania","ACSSF","pa","140","00","0008817",,,,,"42","101",,,"000702",,,,,,,,,,,,,,,,,,,,,,,,,,,,,,,,,,,"14000US42101000702","Census Tract 7.02",,,,1600,1521,79,95.06,4.94
"42101000801","Census Tract 8.01, Philadelphia County, Pennsylvania","ACSSF","pa","140","00","0008818",,,,,"42","101",,,"000801",,,,,,,,,,,,,,,,,,,,,,,,,,,,,,,,,,,"14000US42101000801","Census Tract 8.01",,,,1208,1208,0,100,0
"42101000803","Census Tract 8.03, Philadelphia County, Pennsylvania","ACSSF","pa","140","00","0008819",,,,,"42","101",,,"000803",,,,,,,,,,,,,,,,,,,,,,,,,,,,,,,,,,,"14000US42101000803","Census Tract 8.03",,,,2111,1924,187,91.14,8.86
"42101000805","Census Tract 8.05, Philadelphia County, Pennsylvania","ACSSF","pa","140","00","0008820",,,,,"42","101",,,"000805",,,,,,,,,,,,,,,,,,,,,,,,,,,,,,,,,,,"14000US42101000805","Census Tract 8.05",,,,2045,2045,0,100,0
"42101000806","Census Tract 8.06, Philadelphia County, Pennsylvania","ACSSF","pa","140","00","0008821",,,,,"42","101",,,"000806",,,,,,,,,,,,,,,,,,,,,,,,,,,,,,,,,,,"14000US42101000806","Census Tract 8.06",,,,1743,1743,0,100,0
"42101000901","Census Tract 9.01, Philadelphia County, Pennsylvania","ACSSF","pa","140","00","0008822",,,,,"42","101",,,"000901",,,,,,,,,,,,,,,,,,,,,,,,,,,,,,,,,,,"14000US42101000901","Census Tract 9.01",,,,1550,1447,103,93.35,6.65
"42101000902","Census Tract 9.02, Philadelphia County, Pennsylvania","ACSSF","pa","140","00","0008823",,,,,"42","101",,,"000902",,,,,,,,,,,,,,,,,,,,,,,,,,,,,,,,,,,"14000US42101000902","Census Tract 9.02",,,,1600,1578,22,98.62,1.38
"42101001001","Census Tract 10.01, Philadelphia County, Pennsylvania","ACSSF","pa","140","00","0008824",,,,,"42","101",,,"001001",,,,,,,,,,,,,,,,,,,,,,,,,,,,,,,,,,,"14000US42101001001","Census Tract 10.01",,,,1434,1408,26,98.19,1.81
"42101001002","Census Tract 10.02, Philadelphia County, Pennsylvania","ACSSF","pa","140","00","0008825",,,,,"42","101",,,"001002",,,,,,,,,,,,,,,,,,,,,,,,,,,,,,,,,,,"14000US42101001002","Census Tract 10.02",,,,2309,2309,0,100,0
"42101001101","Census Tract 11.01, Philadelphia County, Pennsylvania","ACSSF","pa","140","00","0008826",,,,,"42","101",,,"001101",,,,,,,,,,,,,,,,,,,,,,,,,,,,,,,,,,,"14000US42101001101","Census Tract 11.01",,,,2464,2416,48,98.05,1.95
"42101001102","Census Tract 11.02, Philadelphia County, Pennsylvania","ACSSF","pa","140","00","0008827",,,,,"42","101",,,"001102",,,,,,,,,,,,,,,,,,,,,,,,,,,,,,,,,,,"14000US42101001102","Census Tract 11.02",,,,1926,1911,15,99.22,0.78
"42101001201","Census Tract 12.01, Philadelphia County, Pennsylvania","ACSSF","pa","140","00","0008828",,,,,"42","101",,,"001201",,,,,,,,,,,,,,,,,,,,,,,,,,,,,,,,,,,"14000US42101001201","Census Tract 12.01",,,,2843,2804,39,98.63,1.37
"42101001203","Census Tract 12.03, Philadelphia County, Pennsylvania","ACSSF","pa","140","00","0008829",,,,,"42","101",,,"001203",,,,,,,,,,,,,,,,,,,,,,,,,,,,,,,,,,,"14000US42101001203","Census Tract 12.03",,,,1454,1359,95,93.47,6.53
"42101001204","Census Tract 12.04, Philadelphia County, Pennsylvania","ACSSF","pa","140","00","0008830",,,,,"42","101",,,"001204",,,,,,,,,,,,,,,,,,,,,,,,,,,,,,,,,,,"14000US42101001204","Census Tract 12.04",,,,1943,1864,79,95.93,4.07
"42101001301","Census Tract 13.01, Philadelphia County, Pennsylvania","ACSSF","pa","140","00","0008831",,,,,"42","101",,,"001301",,,,,,,,,,,,,,,,,,,,,,,,,,,,,,,,,,,"14000US42101001301","Census Tract 13.01",,,,1403,1233,170,87.88,12.12
"42101001302","Census Tract 13.02, Philadelphia County, Pennsylvania","ACSSF","pa","140","00","0008832",,,,,"42","101",,,"001302",,,,,,,,,,,,,,,,,,,,,,,,,,,,,,,,,,,"14000US42101001302","Census Tract 13.02",,,,3149,2971,178,94.35,5.65
"42101001400","Census Tract 14, Philadelphia County, Pennsylvania","ACSSF","pa","140","00","0008833",,,,,"42","101",,,"001400",,,,,,,,,,,,,,,,,,,,,,,,,,,,,,,,,,,"14000US42101001400","Census Tract 14",,,,2857,2675,182,93.63,6.37
"42101001500","Census Tract 15, Philadelphia County, Pennsylvania","ACSSF","pa","140","00","0008834",,,,,"42","101",,,"001500",,,,,,,,,,,,,,,,,,,,,,,,,,,,,,,,,,,"14000US42101001500","Census Tract 15",,,,2153,2042,111,94.84,5.16
"42101001600","Census Tract 16, Philadelphia County, Pennsylvania","ACSSF","pa","140","00","0008835",,,,,"42","101",,,"001600",,,,,,,,,,,,,,,,,,,,,,,,,,,,,,,,,,,"14000US42101001600","Census Tract 16",,,,1699,1676,23,98.65,1.35
"42101001700","Census Tract 17, Philadelphia County, Pennsylvania","ACSSF","pa","140","00","0008836",,,,,"42","101",,,"001700",,,,,,,,,,,,,,,,,,,,,,,,,,,,,,,,,,,"14000US42101001700","Census Tract 17",,,,1840,1776,64,96.52,3.48
"42101001800","Census Tract 18, Philadelphia County, Pennsylvania","ACSSF","pa","140","00","0008837",,,,,"42","101",,,"001800",,,,,,,,,,,,,,,,,,,,,,,,,,,,,,,,,,,"14000US42101001800","Census Tract 18",,,,2277,2169,108,95.26,4.74
"42101001900","Census Tract 19, Philadelphia County, Pennsylvania","ACSSF","pa","140","00","0008838",,,,,"42","101",,,"001900",,,,,,,,,,,,,,,,,,,,,,,,,,,,,,,,,,,"14000US42101001900","Census Tract 19",,,,2866,2783,83,97.1,2.9
"42101002000","Census Tract 20, Philadelphia County, Pennsylvania","ACSSF","pa","140","00","0008839",,,,,"42","101",,,"002000",,,,,,,,,,,,,,,,,,,,,,,,,,,,,,,,,,,"14000US42101002000","Census Tract 20",,,,1436,1336,100,93.04,6.96
"42101002100","Census Tract 21, Philadelphia County, Pennsylvania","ACSSF","pa","140","00","0008840",,,,,"42","101",,,"002100",,,,,,,,,,,,,,,,,,,,,,,,,,,,,,,,,,,"14000US42101002100","Census Tract 21",,,,1737,1578,159,90.85,9.15
"42101002200","Census Tract 22, Philadelphia County, Pennsylvania","ACSSF","pa","140","00","0008841",,,,,"42","101",,,"002200",,,,,,,,,,,,,,,,,,,,,,,,,,,,,,,,,,,"14000US42101002200","Census Tract 22",,,,1661,1628,33,98.01,1.99
"42101002300","Census Tract 23, Philadelphia County, Pennsylvania","ACSSF","pa","140","00","0008842",,,,,"42","101",,,"002300",,,,,,,,,,,,,,,,,,,,,,,,,,,,,,,,,,,"14000US42101002300","Census Tract 23",,,,1811,1616,195,89.23,10.77
"42101002400","Census Tract 24, Philadelphia County, Pennsylvania","ACSSF","pa","140","00","0008843",,,,,"42","101",,,"002400",,,,,,,,,,,,,,,,,,,,,,,,,,,,,,,,,,,"14000US42101002400","Census Tract 24",,,,3366,3133,233,93.08,6.92
"42101002500","Census Tract 25, Philadelphia County, Pennsylvania","ACSSF","pa","140","00","0008844",,,,,"42","101",,,"002500",,,,,,,,,,,,,,,,,,,,,,,,,,,,,,,,,,,"14000US42101002500","Census Tract 25",,,,2430,2122,308,87.33,12.67
"42101002701","Census Tract 27.01, Philadelphia County, Pennsylvania","ACSSF","pa","140","00","0008845",,,,,"42","101",,,"002701",,,,,,,,,,,,,,,,,,,,,,,,,,,,,,,,,,,"14000US42101002701","Census Tract 27.01",,,,2658,2360,298,88.79,11.21
"42101002702","Census Tract 27.02, Philadelphia County, Pennsylvania","ACSSF","pa","140","00","0008846",,,,,"42","101",,,"002702",,,,,,,,,,,,,,,,,,,,,,,,,,,,,,,,,,,"14000US42101002702","Census Tract 27.02",,,,2567,2440,127,95.05,4.95
"42101002801","Census Tract 28.01, Philadelphia County, Pennsylvania","ACSSF","pa","140","00","0008847",,,,,"42","101",,,"002801",,,,,,,,,,,,,,,,,,,,,,,,,,,,,,,,,,,"14000US42101002801","Census Tract 28.01",,,,2384,2260,124,94.8,5.2
"42101002802","Census Tract 28.02, Philadelphia County, Pennsylvania","ACSSF","pa","140","00","0008848",,,,,"42","101",,,"002802",,,,,,,,,,,,,,,,,,,,,,,,,,,,,,,,,,,"14000US42101002802","Census Tract 28.02",,,,3451,3228,223,93.54,6.46
"42101002900","Census Tract 29, Philadelphia County, Pennsylvania","ACSSF","pa","140","00","0008849",,,,,"42","101",,,"002900",,,,,,,,,,,,,,,,,,,,,,,,,,,,,,,,,,,"14000US42101002900","Census Tract 29",,,,2898,2773,125,95.69,4.31
"42101003001","Census Tract 30.01, Philadelphia County, Pennsylvania","ACSSF","pa","140","00","0008850",,,,,"42","101",,,"003001",,,,,,,,,,,,,,,,,,,,,,,,,,,,,,,,,,,"14000US42101003001","Census Tract 30.01",,,,1980,1822,158,92.02,7.98
"42101003002","Census Tract 30.02, Philadelphia County, Pennsylvania","ACSSF","pa","140","00","0008851",,,,,"42","101",,,"003002",,,,,,,,,,,,,,,,,,,,,,,,,,,,,,,,,,,"14000US42101003002","Census Tract 30.02",,,,1932,1807,125,93.53,6.47
"42101003100","Census Tract 31, Philadelphia County, Pennsylvania","ACSSF","pa","140","00","0008852",,,,,"42","101",,,"003100",,,,,,,,,,,,,,,,,,,,,,,,,,,,,,,,,,,"14000US42101003100","Census Tract 31",,,,2742,2602,140,94.89,5.11
"42101003200","Census Tract 32, Philadelphia County, Pennsylvania","ACSSF","pa","140","00","0008853",,,,,"42","101",,,"003200",,,,,,,,,,,,,,,,,,,,,,,,,,,,,,,,,,,"14000US42101003200","Census Tract 32",,,,2042,1693,349,82.91,17.09
"42101003300","Census Tract 33, Philadelphia County, Pennsylvania","ACSSF","pa","140","00","0008854",,,,,"42","101",,,"003300",,,,,,,,,,,,,,,,,,,,,,,,,,,,,,,,,,,"14000US42101003300","Census Tract 33",,,,3808,3169,639,83.22,16.78
"42101003600","Census Tract 36, Philadelphia County, Pennsylvania","ACSSF","pa","140","00","0008855",,,,,"42","101",,,"003600",,,,,,,,,,,,,,,,,,,,,,,,,,,,,,,,,,,"14000US42101003600","Census Tract 36",,,,2963,2554,409,86.2,13.8
"42101003701","Census Tract 37.01, Philadelphia County, Pennsylvania","ACSSF","pa","140","00","0008856",,,,,"42","101",,,"003701",,,,,,,,,,,,,,,,,,,,,,,,,,,,,,,,,,,"14000US42101003701","Census Tract 37.01",,,,3272,2945,327,90.01,9.99
"42101003702","Census Tract 37.02, Philadelphia County, Pennsylvania","ACSSF","pa","140","00","0008857",,,,,"42","101",,,"003702",,,,,,,,,,,,,,,,,,,,,,,,,,,,,,,,,,,"14000US42101003702","Census Tract 37.02",,,,1821,1584,237,86.99,13.01
"42101003800","Census Tract 38, Philadelphia County, Pennsylvania","ACSSF","pa","140","00","0008858",,,,,"42","101",,,"003800",,,,,,,,,,,,,,,,,,,,,,,,,,,,,,,,,,,"14000US42101003800","Census Tract 38",,,,2202,2071,131,94.05,5.95
"42101003901","Census Tract 39.01, Philadelphia County, Pennsylvania","ACSSF","pa","140","00","0008859",,,,,"42","101",,,"003901",,,,,,,,,,,,,,,,,,,,,,,,,,,,,,,,,,,"14000US42101003901","Census Tract 39.01",,,,4334,3763,571,86.83,13.17
"42101003902","Census Tract 39.02, Philadelphia County, Pennsylvania","ACSSF","pa","140","00","0008860",,,,,"42","101",,,"003902",,,,,,,,,,,,,,,,,,,,,,,,,,,,,,,,,,,"14000US42101003902","Census Tract 39.02",,,,3236,2995,241,92.55,7.45
"42101004001","Census Tract 40.01, Philadelphia County, Pennsylvania","ACSSF","pa","140","00","0008861",,,,,"42","101",,,"004001",,,,,,,,,,,,,,,,,,,,,,,,,,,,,,,,,,,"14000US42101004001","Census Tract 40.01",,,,2654,2491,163,93.86,6.14
"42101004002","Census Tract 40.02, Philadelphia County, Pennsylvania","ACSSF","pa","140","00","0008862",,,,,"42","101",,,"004002",,,,,,,,,,,,,,,,,,,,,,,,,,,,,,,,,,,"14000US42101004002","Census Tract 40.02",,,,2912,2852,60,97.94,2.06
"42101004101","Census Tract 41.01, Philadelphia County, Pennsylvania","ACSSF","pa","140","00","0008863",,,,,"42","101",,,"004101",,,,,,,,,,,,,,,,,,,,,,,,,,,,,,,,,,,"14000US42101004101","Census Tract 41.01",,,,2579,2313,266,89.69,10.31
"42101004103","Census Tract 41.03, Philadelphia County, Pennsylvania","ACSSF","pa","140","00","0008864",,,,,"42","101",,,"004103",,,,,,,,,,,,,,,,,,,,,,,,,,,,,,,,,,,"14000US42101004103","Census Tract 41.03",,,,2199,2036,163,92.59,7.41
"42101004104","Census Tract 41.04, Philadelphia County, Pennsylvania","ACSSF","pa","140","00","0008865",,,,,"42","101",,,"004104",,,,,,,,,,,,,,,,,,,,,,,,,,,,,,,,,,,"14000US42101004104","Census Tract 41.04",,,,1866,1545,321,82.8,17.2
"42101004201","Census Tract 42.01, Philadelphia County, Pennsylvania","ACSSF","pa","140","00","0008866",,,,,"42","101",,,"004201",,,,,,,,,,,,,,,,,,,,,,,,,,,,,,,,,,,"14000US42101004201","Census Tract 42.01",,,,3031,2868,163,94.62,5.38
"42101004202","Census Tract 42.02, Philadelphia County, Pennsylvania","ACSSF","pa","140","00","0008867",,,,,"42","101",,,"004202",,,,,,,,,,,,,,,,,,,,,,,,,,,,,,,,,,,"14000US42101004202","Census Tract 42.02",,,,2410,2162,248,89.71,10.29
"42101005400","Census Tract 54, Philadelphia County, Pennsylvania","ACSSF","pa","140","00","0008868",,,,,"42","101",,,"005400",,,,,,,,,,,,,,,,,,,,,,,,,,,,,,,,,,,"14000US42101005400","Census Tract 54",,,,893,790,103,88.47,11.53
"42101005500","Census Tract 55, Philadelphia County, Pennsylvania","ACSSF","pa","140","00","0008869",,,,,"42","101",,,"005500",,,,,,,,,,,,,,,,,,,,,,,,,,,,,,,,,,,"14000US42101005500","Census Tract 55",,,,3753,3395,358,90.46,9.54
"42101005600","Census Tract 56, Philadelphia County, Pennsylvania","ACSSF","pa","140","00","0008870",,,,,"42","101",,,"005600",,,,,,,,,,,,,,,,,,,,,,,,,,,,,,,,,,,"14000US42101005600","Census Tract 56",,,,757,703,54,92.87,7.13
"42101006000","Census Tract 60, Philadelphia County, Pennsylvania","ACSSF","pa","140","00","0008871",,,,,"42","101",,,"006000",,,,,,,,,,,,,,,,,,,,,,,,,,,,,,,,,,,"14000US42101006000","Census Tract 60",,,,2827,2656,171,93.95,6.05
"42101006100","Census Tract 61, Philadelphia County, Pennsylvania","ACSSF","pa","140","00","0008872",,,,,"42","101",,,"006100",,,,,,,,,,,,,,,,,,,,,,,,,,,,,,,,,,,"14000US42101006100","Census Tract 61",,,,1578,1431,147,90.68,9.32
"42101006200","Census Tract 62, Philadelphia County, Pennsylvania","ACSSF","pa","140","00","0008873",,,,,"42","101",,,"006200",,,,,,,,,,,,,,,,,,,,,,,,,,,,,,,,,,,"14000US42101006200","Census Tract 62",,,,2223,1889,334,84.98,15.02
"42101006300","Census Tract 63, Philadelphia County, Pennsylvania","ACSSF","pa","140","00","0008874",,,,,"42","101",,,"006300",,,,,,,,,,,,,,,,,,,,,,,,,,,,,,,,,,,"14000US42101006300","Census Tract 63",,,,2231,1787,444,80.1,19.9
"42101006400","Census Tract 64, Philadelphia County, Pennsylvania","ACSSF","pa","140","00","0008875",,,,,"42","101",,,"006400",,,,,,,,,,,,,,,,,,,,,,,,,,,,,,,,,,,"14000US42101006400","Census Tract 64",,,,2393,2013,380,84.12,15.88
"42101006500","Census Tract 65, Philadelphia County, Pennsylvania","ACSSF","pa","140","00","0008876",,,,,"42","101",,,"006500",,,,,,,,,,,,,,,,,,,,,,,,,,,,,,,,,,,"14000US42101006500","Census Tract 65",,,,1929,1673,256,86.73,13.27
"42101006600","Census Tract 66, Philadelphia County, Pennsylvania","ACSSF","pa","140","00","0008877",,,,,"42","101",,,"006600",,,,,,,,,,,,,,,,,,,,,,,,,,,,,,,,,,,"14000US42101006600","Census Tract 66",,,,1347,1091,256,80.99,19.01
"42101006700","Census Tract 67, Philadelphia County, Pennsylvania","ACSSF","pa","140","00","0008878",,,,,"42","101",,,"006700",,,,,,,,,,,,,,,,,,,,,,,,,,,,,,,,,,,"14000US42101006700","Census Tract 67",,,,3795,3048,747,80.32,19.68
"42101007000","Census Tract 70, Philadelphia County, Pennsylvania","ACSSF","pa","140","00","0008879",,,,,"42","101",,,"007000",,,,,,,,,,,,,,,,,,,,,,,,,,,,,,,,,,,"14000US42101007000","Census Tract 70",,,,1610,1492,118,92.67,7.33
"42101007101","Census Tract 71.01, Philadelphia County, Pennsylvania","ACSSF","pa","140","00","0008880",,,,,"42","101",,,"007101",,,,,,,,,,,,,,,,,,,,,,,,,,,,,,,,,,,"14000US42101007101","Census Tract 71.01",,,,895,743,152,83.02,16.98
"42101007102","Census Tract 71.02, Philadelphia County, Pennsylvania","ACSSF","pa","140","00","0008881",,,,,"42","101",,,"007102",,,,,,,,,,,,,,,,,,,,,,,,,,,,,,,,,,,"14000US42101007102","Census Tract 71.02",,,,1803,1479,324,82.03,17.97
"42101007200","Census Tract 72, Philadelphia County, Pennsylvania","ACSSF","pa","140","00","0008882",,,,,"42","101",,,"007200",,,,,,,,,,,,,,,,,,,,,,,,,,,,,,,,,,,"14000US42101007200","Census Tract 72",,,,1779,1636,143,91.96,8.04
"42101007300","Census Tract 73, Philadelphia County, Pennsylvania","ACSSF","pa","140","00","0008883",,,,,"42","101",,,"007300",,,,,,,,,,,,,,,,,,,,,,,,,,,,,,,,,,,"14000US42101007300","Census Tract 73",,,,1652,1414,238,85.59,14.41
"42101007400","Census Tract 74, Philadelphia County, Pennsylvania","ACSSF","pa","140","00","0008884",,,,,"42","101",,,"007400",,,,,,,,,,,,,,,,,,,,,,,,,,,,,,,,,,,"14000US42101007400","Census Tract 74",,,,2012,1778,234,88.37,11.63
"42101007700","Census Tract 77, Philadelphia County, Pennsylvania","ACSSF","pa","140","00","0008885",,,,,"42","101",,,"007700",,,,,,,,,,,,,,,,,,,,,,,,,,,,,,,,,,,"14000US42101007700","Census Tract 77",,,,1173,1121,52,95.57,4.43
"42101007800","Census Tract 78, Philadelphia County, Pennsylvania","ACSSF","pa","140","00","0008886",,,,,"42","101",,,"007800",,,,,,,,,,,,,,,,,,,,,,,,,,,,,,,,,,,"14000US42101007800","Census Tract 78",,,,2723,2478,245,91,9
"42101007900","Census Tract 79, Philadelphia County, Pennsylvania","ACSSF","pa","140","00","0008887",,,,,"42","101",,,"007900",,,,,,,,,,,,,,,,,,,,,,,,,,,,,,,,,,,"14000US42101007900","Census Tract 79",,,,2952,2864,88,97.02,2.98
"42101008000","Census Tract 80, Philadelphia County, Pennsylvania","ACSSF","pa","140","00","0008888",,,,,"42","101",,,"008000",,,,,,,,,,,,,,,,,,,,,,,,,,,,,,,,,,,"14000US42101008000","Census Tract 80",,,,2322,2190,132,94.32,5.68
"42101008101","Census Tract 81.01, Philadelphia County, Pennsylvania","ACSSF","pa","140","00","0008889",,,,,"42","101",,,"008101",,,,,,,,,,,,,,,,,,,,,,,,,,,,,,,,,,,"14000US42101008101","Census Tract 81.01",,,,1727,1360,367,78.75,21.25
"42101008102","Census Tract 81.02, Philadelphia County, Pennsylvania","ACSSF","pa","140","00","0008890",,,,,"42","101",,,"008102",,,,,,,,,,,,,,,,,,,,,,,,,,,,,,,,,,,"14000US42101008102","Census Tract 81.02",,,,2471,2221,250,89.88,10.12
"42101008200","Census Tract 82, Philadelphia County, Pennsylvania","ACSSF","pa","140","00","0008891",,,,,"42","101",,,"008200",,,,,,,,,,,,,,,,,,,,,,,,,,,,,,,,,,,"14000US42101008200","Census Tract 82",,,,2863,2811,52,98.18,1.82
"42101008301","Census Tract 83.01, Philadelphia County, Pennsylvania","ACSSF","pa","140","00","0008892",,,,,"42","101",,,"008301",,,,,,,,,,,,,,,,,,,,,,,,,,,,,,,,,,,"14000US42101008301","Census Tract 83.01",,,,1831,1580,251,86.29,13.71
"42101008302","Census Tract 83.02, Philadelphia County, Pennsylvania","ACSSF","pa","140","00","0008893",,,,,"42","101",,,"008302",,,,,,,,,,,,,,,,,,,,,,,,,,,,,,,,,,,"14000US42101008302","Census Tract 83.02",,,,1789,1371,418,76.63,23.37
"42101008400","Census Tract 84, Philadelphia County, Pennsylvania","ACSSF","pa","140","00","0008894",,,,,"42","101",,,"008400",,,,,,,,,,,,,,,,,,,,,,,,,,,,,,,,,,,"14000US42101008400","Census Tract 84",,,,2503,2307,196,92.17,7.83
"42101008500","Census Tract 85, Philadelphia County, Pennsylvania","ACSSF","pa","140","00","0008895",,,,,"42","101",,,"008500",,,,,,,,,,,,,,,,,,,,,,,,,,,,,,,,,,,"14000US42101008500","Census Tract 85",,,,3379,3050,329,90.26,9.74
"42101008601","Census Tract 86.01, Philadelphia County, Pennsylvania","ACSSF","pa","140","00","0008896",,,,,"42","101",,,"008601",,,,,,,,,,,,,,,,,,,,,,,,,,,,,,,,,,,"14000US42101008601","Census Tract 86.01",,,,2131,2003,128,93.99,6.01
"42101008602","Census Tract 86.02, Philadelphia County, Pennsylvania","ACSSF","pa","140","00","0008897",,,,,"42","101",,,"008602",,,,,,,,,,,,,,,,,,,,,,,,,,,,,,,,,,,"14000US42101008602","Census Tract 86.02",,,,1922,1701,221,88.5,11.5
"42101008701","Census Tract 87.01, Philadelphia County, Pennsylvania","ACSSF","pa","140","00","0008898",,,,,"42","101",,,"008701",,,,,,,,,,,,,,,,,,,,,,,,,,,,,,,,,,,"14000US42101008701","Census Tract 87.01",,,,2394,2313,81,96.62,3.38
"42101008702","Census Tract 87.02, Philadelphia County, Pennsylvania","ACSSF","pa","140","00","0008899",,,,,"42","101",,,"008702",,,,,,,,,,,,,,,,,,,,,,,,,,,,,,,,,,,"14000US42101008702","Census Tract 87.02",,,,1985,1915,70,96.47,3.53
"42101008801","Census Tract 88.01, Philadelphia County, Pennsylvania","ACSSF","pa","140","00","0008900",,,,,"42","101",,,"008801",,,,,,,,,,,,,,,,,,,,,,,,,,,,,,,,,,,"14000US42101008801","Census Tract 88.01",,,,947,940,7,99.26,0.74
"42101008802","Census Tract 88.02, Philadelphia County, Pennsylvania","ACSSF","pa","140","00","0008901",,,,,"42","101",,,"008802",,,,,,,,,,,,,,,,,,,,,,,,,,,,,,,,,,,"14000US42101008802","Census Tract 88.02",,,,2694,2473,221,91.8,8.2
"42101009000","Census Tract 90, Philadelphia County, Pennsylvania","ACSSF","pa","140","00","0008902",,,,,"42","101",,,"009000",,,,,,,,,,,,,,,,,,,,,,,,,,,,,,,,,,,"14000US42101009000","Census Tract 90",,,,2730,2449,281,89.71,10.29
"42101009100","Census Tract 91, Philadelphia County, Pennsylvania","ACSSF","pa","140","00","0008903",,,,,"42","101",,,"009100",,,,,,,,,,,,,,,,,,,,,,,,,,,,,,,,,,,"14000US42101009100","Census Tract 91",,,,1528,1425,103,93.26,6.74
"42101009200","Census Tract 92, Philadelphia County, Pennsylvania","ACSSF","pa","140","00","0008904",,,,,"42","101",,,"009200",,,,,,,,,,,,,,,,,,,,,,,,,,,,,,,,,,,"14000US42101009200","Census Tract 92",,,,1921,1823,98,94.9,5.1
"42101009300","Census Tract 93, Philadelphia County, Pennsylvania","ACSSF","pa","140","00","0008905",,,,,"42","101",,,"009300",,,,,,,,,,,,,,,,,,,,,,,,,,,,,,,,,,,"14000US42101009300","Census Tract 93",,,,2156,1893,263,87.8,12.2
"42101009400","Census Tract 94, Philadelphia County, Pennsylvania","ACSSF","pa","140","00","0008906",,,,,"42","101",,,"009400",,,,,,,,,,,,,,,,,,,,,,,,,,,,,,,,,,,"14000US42101009400","Census Tract 94",,,,1725,1442,283,83.59,16.41
"42101009500","Census Tract 95, Philadelphia County, Pennsylvania","ACSSF","pa","140","00","0008907",,,,,"42","101",,,"009500",,,,,,,,,,,,,,,,,,,,,,,,,,,,,,,,,,,"14000US42101009500","Census Tract 95",,,,1373,1214,159,88.42,11.58
"42101009600","Census Tract 96, Philadelphia County, Pennsylvania","ACSSF","pa","140","00","0008908",,,,,"42","101",,,"009600",,,,,,,,,,,,,,,,,,,,,,,,,,,,,,,,,,,"14000US42101009600","Census Tract 96",,,,1569,1466,103,93.44,6.56
"42101009801","Census Tract 98.01, Philadelphia County, Pennsylvania","ACSSF","pa","140","00","0008909",,,,,"42","101",,,"009801",,,,,,,,,,,,,,,,,,,,,,,,,,,,,,,,,,,"14000US42101009801","Census Tract 98.01",,,,1267,1196,71,94.4,5.6
"42101009802","Census Tract 98.02, Philadelphia County, Pennsylvania","ACSSF","pa","140","00","0008910",,,,,"42","101",,,"009802",,,,,,,,,,,,,,,,,,,,,,,,,,,,,,,,,,,"14000US42101009802","Census Tract 98.02",,,,3037,2978,59,98.06,1.94
"42101010000","Census Tract 100, Philadelphia County, Pennsylvania","ACSSF","pa","140","00","0008911",,,,,"42","101",,,"010000",,,,,,,,,,,,,,,,,,,,,,,,,,,,,,,,,,,"14000US42101010000","Census Tract 100",,,,2646,2202,444,83.22,16.78
"42101010100","Census Tract 101, Philadelphia County, Pennsylvania","ACSSF","pa","140","00","0008912",,,,,"42","101",,,"010100",,,,,,,,,,,,,,,,,,,,,,,,,,,,,,,,,,,"14000US42101010100","Census Tract 101",,,,2229,2183,46,97.94,2.06
"42101010200","Census Tract 102, Philadelphia County, Pennsylvania","ACSSF","pa","140","00","0008913",,,,,"42","101",,,"010200",,,,,,,,,,,,,,,,,,,,,,,,,,,,,,,,,,,"14000US42101010200","Census Tract 102",,,,1261,1189,72,94.29,5.71
"42101010300","Census Tract 103, Philadelphia County, Pennsylvania","ACSSF","pa","140","00","0008914",,,,,"42","101",,,"010300",,,,,,,,,,,,,,,,,,,,,,,,,,,,,,,,,,,"14000US42101010300","Census Tract 103",,,,1239,1059,180,85.47,14.53
"42101010400","Census Tract 104, Philadelphia County, Pennsylvania","ACSSF","pa","140","00","0008915",,,,,"42","101",,,"010400",,,,,,,,,,,,,,,,,,,,,,,,,,,,,,,,,,,"14000US42101010400","Census Tract 104",,,,1202,1134,68,94.34,5.66
"42101010500","Census Tract 105, Philadelphia County, Pennsylvania","ACSSF","pa","140","00","0008916",,,,,"42","101",,,"010500",,,,,,,,,,,,,,,,,,,,,,,,,,,,,,,,,,,"14000US42101010500","Census Tract 105",,,,1520,1266,254,83.29,16.71
"42101010600","Census Tract 106, Philadelphia County, Pennsylvania","ACSSF","pa","140","00","0008917",,,,,"42","101",,,"010600",,,,,,,,,,,,,,,,,,,,,,,,,,,,,,,,,,,"14000US42101010600","Census Tract 106",,,,685,628,57,91.68,8.32
"42101010700","Census Tract 107, Philadelphia County, Pennsylvania","ACSSF","pa","140","00","0008918",,,,,"42","101",,,"010700",,,,,,,,,,,,,,,,,,,,,,,,,,,,,,,,,,,"14000US42101010700","Census Tract 107",,,,1371,1163,208,84.83,15.17
"42101010800","Census Tract 108, Philadelphia County, Pennsylvania","ACSSF","pa","140","00","0008919",,,,,"42","101",,,"010800",,,,,,,,,,,,,,,,,,,,,,,,,,,,,,,,,,,"14000US42101010800","Census Tract 108",,,,1554,1390,164,89.45,10.55
"42101010900","Census Tract 109, Philadelphia County, Pennsylvania","ACSSF","pa","140","00","0008920",,,,,"42","101",,,"010900",,,,,,,,,,,,,,,,,,,,,,,,,,,,,,,,,,,"14000US42101010900","Census Tract 109",,,,1379,1186,193,86,14
"42101011000","Census Tract 110, Philadelphia County, Pennsylvania","ACSSF","pa","140","00","0008921",,,,,"42","101",,,"011000",,,,,,,,,,,,,,,,,,,,,,,,,,,,,,,,,,,"14000US42101011000","Census Tract 110",,,,1109,941,168,84.85,15.15
"42101011100","Census Tract 111, Philadelphia County, Pennsylvania","ACSSF","pa","140","00","0008922",,,,,"42","101",,,"011100",,,,,,,,,,,,,,,,,,,,,,,,,,,,,,,,,,,"14000US42101011100","Census Tract 111",,,,1564,1447,117,92.52,7.48
"42101011200","Census Tract 112, Philadelphia County, Pennsylvania","ACSSF","pa","140","00","0008923",,,,,"42","101",,,"011200",,,,,,,,,,,,,,,,,,,,,,,,,,,,,,,,,,,"14000US42101011200","Census Tract 112",,,,1765,1481,284,83.91,16.09
"42101011300","Census Tract 113, Philadelphia County, Pennsylvania","ACSSF","pa","140","00","0008924",,,,,"42","101",,,"011300",,,,,,,,,,,,,,,,,,,,,,,,,,,,,,,,,,,"14000US42101011300","Census Tract 113",,,,1610,1480,130,91.93,8.07
"42101011400","Census Tract 114, Philadelphia County, Pennsylvania","ACSSF","pa","140","00","0008925",,,,,"42","101",,,"011400",,,,,,,,,,,,,,,,,,,,,,,,,,,,,,,,,,,"14000US42101011400","Census Tract 114",,,,3037,2632,405,86.66,13.34
"42101011500","Census Tract 115, Philadelphia County, Pennsylvania","ACSSF","pa","140","00","0008926",,,,,"42","101",,,"011500",,,,,,,,,,,,,,,,,,,,,,,,,,,,,,,,,,,"14000US42101011500","Census Tract 115",,,,2613,2507,106,95.94,4.06
"42101011700","Census Tract 117, Philadelphia County, Pennsylvania","ACSSF","pa","140","00","0008927",,,,,"42","101",,,"011700",,,,,,,,,,,,,,,,,,,,,,,,,,,,,,,,,,,"14000US42101011700","Census Tract 117",,,,765,679,86,88.76,11.24
"42101011800","Census Tract 118, Philadelphia County, Pennsylvania","ACSSF","pa","140","00","0008928",,,,,"42","101",,,"011800",,,,,,,,,,,,,,,,,,,,,,,,,,,,,,,,,,,"14000US42101011800","Census Tract 118",,,,1917,1727,190,90.09,9.91
"42101011900","Census Tract 119, Philadelphia County, Pennsylvania","ACSSF","pa","140","00","0008929",,,,,"42","101",,,"011900",,,,,,,,,,,,,,,,,,,,,,,,,,,,,,,,,,,"14000US42101011900","Census Tract 119",,,,2409,2357,52,97.84,2.16
"42101012000","Census Tract 120, Philadelphia County, Pennsylvania","ACSSF","pa","140","00","0008930",,,,,"42","101",,,"012000",,,,,,,,,,,,,,,,,,,,,,,,,,,,,,,,,,,"14000US42101012000","Census Tract 120",,,,1103,1007,96,91.3,8.7
"42101012100","Census Tract 121, Philadelphia County, Pennsylvania","ACSSF","pa","140","00","0008931",,,,,"42","101",,,"012100",,,,,,,,,,,,,,,,,,,,,,,,,,,,,,,,,,,"14000US42101012100","Census Tract 121",,,,1367,1351,16,98.83,1.17
"42101012201","Census Tract 122.01, Philadelphia County, Pennsylvania","ACSSF","pa","140","00","0008932",,,,,"42","101",,,"012201",,,,,,,,,,,,,,,,,,,,,,,,,,,,,,,,,,,"14000US42101012201","Census Tract 122.01",,,,1418,1418,0,100,0
"42101012203","Census Tract 122.03, Philadelphia County, Pennsylvania","ACSSF","pa","140","00","0008933",,,,,"42","101",,,"012203",,,,,,,,,,,,,,,,,,,,,,,,,,,,,,,,,,,"14000US42101012203","Census Tract 122.03",,,,556,517,39,92.99,7.01
"42101012204","Census Tract 122.04, Philadelphia County, Pennsylvania","ACSSF","pa","140","00","0008934",,,,,"42","101",,,"012204",,,,,,,,,,,,,,,,,,,,,,,,,,,,,,,,,,,"14000US42101012204","Census Tract 122.04",,,,1885,1780,105,94.43,5.57
"42101012501","Census Tract 125.01, Philadelphia County, Pennsylvania","ACSSF","pa","140","00","0008935",,,,,"42","101",,,"012501",,,,,,,,,,,,,,,,,,,,,,,,,,,,,,,,,,,"14000US42101012501","Census Tract 125.01",,,,1041,1008,33,96.83,3.17
"42101012502","Census Tract 125.02, Philadelphia County, Pennsylvania","ACSSF","pa","140","00","0008936",,,,,"42","101",,,"012502",,,,,,,,,,,,,,,,,,,,,,,,,,,,,,,,,,,"14000US42101012502","Census Tract 125.02",,,,2684,2669,15,99.44,0.56
"42101013100","Census Tract 131, Philadelphia County, Pennsylvania","ACSSF","pa","140","00","0008937",,,,,"42","101",,,"013100",,,,,,,,,,,,,,,,,,,,,,,,,,,,,,,,,,,"14000US42101013100","Census Tract 131",,,,950,874,76,92,8
"42101013200","Census Tract 132, Philadelphia County, Pennsylvania","ACSSF","pa","140","00","0008938",,,,,"42","101",,,"013200",,,,,,,,,,,,,,,,,,,,,,,,,,,,,,,,,,,"14000US42101013200","Census Tract 132",,,,1534,1328,206,86.57,13.43
"42101013300","Census Tract 133, Philadelphia County, Pennsylvania","ACSSF","pa","140","00","0008939",,,,,"42","101",,,"013300",,,,,,,,,,,,,,,,,,,,,,,,,,,,,,,,,,,"14000US42101013300","Census Tract 133",,,,2505,2383,122,95.13,4.87
"42101013401","Census Tract 134.01, Philadelphia County, Pennsylvania","ACSSF","pa","140","00","0008940",,,,,"42","101",,,"013401",,,,,,,,,,,,,,,,,,,,,,,,,,,,,,,,,,,"14000US42101013401","Census Tract 134.01",,,,1602,1526,76,95.26,4.74
"42101013402","Census Tract 134.02, Philadelphia County, Pennsylvania","ACSSF","pa","140","00","0008941",,,,,"42","101",,,"013402",,,,,,,,,,,,,,,,,,,,,,,,,,,,,,,,,,,"14000US42101013402","Census Tract 134.02",,,,2170,2090,80,96.31,3.69
"42101013500","Census Tract 135, Philadelphia County, Pennsylvania","ACSSF","pa","140","00","0008942",,,,,"42","101",,,"013500",,,,,,,,,,,,,,,,,,,,,,,,,,,,,,,,,,,"14000US42101013500","Census Tract 135",,,,2864,2831,33,98.85,1.15
"42101013601","Census Tract 136.01, Philadelphia County, Pennsylvania","ACSSF","pa","140","00","0008943",,,,,"42","101",,,"013601",,,,,,,,,,,,,,,,,,,,,,,,,,,,,,,,,,,"14000US42101013601","Census Tract 136.01",,,,2199,2091,108,95.09,4.91
"42101013602","Census Tract 136.02, Philadelphia County, Pennsylvania","ACSSF","pa","140","00","0008944",,,,,"42","101",,,"013602",,,,,,,,,,,,,,,,,,,,,,,,,,,,,,,,,,,"14000US42101013602","Census Tract 136.02",,,,3038,2970,68,97.76,2.24
"42101013701","Census Tract 137.01, Philadelphia County, Pennsylvania","ACSSF","pa","140","00","0008945",,,,,"42","101",,,"013701",,,,,,,,,,,,,,,,,,,,,,,,,,,,,,,,,,,"14000US42101013701","Census Tract 137.01",,,,1320,1222,98,92.58,7.42
"42101013702","Census Tract 137.02, Philadelphia County, Pennsylvania","ACSSF","pa","140","00","0008946",,,,,"42","101",,,"013702",,,,,,,,,,,,,,,,,,,,,,,,,,,,,,,,,,,"14000US42101013702","Census Tract 137.02",,,,1968,1786,182,90.75,9.25
"42101013800","Census Tract 138, Philadelphia County, Pennsylvania","ACSSF","pa","140","00","0008947",,,,,"42","101",,,"013800",,,,,,,,,,,,,,,,,,,,,,,,,,,,,,,,,,,"14000US42101013800","Census Tract 138",,,,1178,1128,50,95.76,4.24
"42101013900","Census Tract 139, Philadelphia County, Pennsylvania","ACSSF","pa","140","00","0008948",,,,,"42","101",,,"013900",,,,,,,,,,,,,,,,,,,,,,,,,,,,,,,,,,,"14000US42101013900","Census Tract 139",,,,1413,1312,101,92.85,7.15
"42101014000","Census Tract 140, Philadelphia County, Pennsylvania","ACSSF","pa","140","00","0008949",,,,,"42","101",,,"014000",,,,,,,,,,,,,,,,,,,,,,,,,,,,,,,,,,,"14000US42101014000","Census Tract 140",,,,2860,2539,321,88.78,11.22
"42101014100","Census Tract 141, Philadelphia County, Pennsylvania","ACSSF","pa","140","00","0008950",,,,,"42","101",,,"014100",,,,,,,,,,,,,,,,,,,,,,,,,,,,,,,,,,,"14000US42101014100","Census Tract 141",,,,1076,918,158,85.32,14.68
"42101014201","Census Tract 142.01, Philadelphia County, Pennsylvania","ACSSF","pa","140","00","0008951",,,,,"42","101",,,"014201",,,,,,,,,,,,,,,,,,,,,,,,,,,,,,,,,,,"14000US42101014201","Census Tract 142.01",,,,2913,2857,56,98.08,1.92
"42101014202","Census Tract 142.02, Philadelphia County, Pennsylvania","ACSSF","pa","140","00","0008952",,,,,"42","101",,,"014202",,,,,,,,,,,,,,,,,,,,,,,,,,,,,,,,,,,"14000US42101014202","Census Tract 142.02",,,,2048,2019,29,98.58,1.42
"42101014300","Census Tract 143, Philadelphia County, Pennsylvania","ACSSF","pa","140","00","0008953",,,,,"42","101",,,"014300",,,,,,,,,,,,,,,,,,,,,,,,,,,,,,,,,,,"14000US42101014300","Census Tract 143",,,,1489,1446,43,97.11,2.89
"42101014400","Census Tract 144, Philadelphia County, Pennsylvania","ACSSF","pa","140","00","0008954",,,,,"42","101",,,"014400",,,,,,,,,,,,,,,,,,,,,,,,,,,,,,,,,,,"14000US42101014400","Census Tract 144",,,,3795,3674,121,96.81,3.19
"42101014500","Census Tract 145, Philadelphia County, Pennsylvania","ACSSF","pa","140","00","0008955",,,,,"42","101",,,"014500",,,,,,,,,,,,,,,,,,,,,,,,,,,,,,,,,,,"14000US42101014500","Census Tract 145",,,,840,773,67,92.02,7.98
"42101014600","Census Tract 146, Philadelphia County, Pennsylvania","ACSSF","pa","140","00","0008956",,,,,"42","101",,,"014600",,,,,,,,,,,,,,,,,,,,,,,,,,,,,,,,,,,"14000US42101014600","Census Tract 146",,,,1947,1584,363,81.36,18.64
"42101014700","Census Tract 147, Philadelphia County, Pennsylvania","ACSSF","pa","140","00","0008957",,,,,"42","101",,,"014700",,,,,,,,,,,,,,,,,,,,,,,,,,,,,,,,,,,"14000US42101014700","Census Tract 147",,,,1356,1234,122,91,9
"42101014800","Census Tract 148, Philadelphia County, Pennsylvania","ACSSF","pa","140","00","0008958",,,,,"42","101",,,"014800",,,,,,,,,,,,,,,,,,,,,,,,,,,,,,,,,,,"14000US42101014800","Census Tract 148",,,,352,341,11,96.88,3.12
"42101014900","Census Tract 149, Philadelphia County, Pennsylvania","ACSSF","pa","140","00","0008959",,,,,"42","101",,,"014900",,,,,,,,,,,,,,,,,,,,,,,,,,,,,,,,,,,"14000US42101014900","Census Tract 149",,,,2135,1994,141,93.4,6.6
"42101015101","Census Tract 151.01, Philadelphia County, Pennsylvania","ACSSF","pa","140","00","0008960",,,,,"42","101",,,"015101",,,,,,,,,,,,,,,,,,,,,,,,,,,,,,,,,,,"14000US42101015101","Census Tract 151.01",,,,595,479,116,80.5,19.5
"42101015102","Census Tract 151.02, Philadelphia County, Pennsylvania","ACSSF","pa","140","00","0008961",,,,,"42","101",,,"015102",,,,,,,,,,,,,,,,,,,,,,,,,,,,,,,,,,,"14000US42101015102","Census Tract 151.02",,,,1898,1423,475,74.97,25.03
"42101015200","Census Tract 152, Philadelphia County, Pennsylvania","ACSSF","pa","140","00","0008962",,,,,"42","101",,,"015200",,,,,,,,,,,,,,,,,,,,,,,,,,,,,,,,,,,"14000US42101015200","Census Tract 152",,,,3125,2224,901,71.17,28.83
"42101015300","Census Tract 153, Philadelphia County, Pennsylvania","ACSSF","pa","140","00","0008963",,,,,"42","101",,,"015300",,,,,,,,,,,,,,,,,,,,,,,,,,,,,,,,,,,"14000US42101015300","Census Tract 153",,,,2203,1767,436,80.21,19.79
"42101015600","Census Tract 156, Philadelphia County, Pennsylvania","ACSSF","pa","140","00","0008964",,,,,"42","101",,,"015600",,,,,,,,,,,,,,,,,,,,,,,,,,,,,,,,,,,"14000US42101015600","Census Tract 156",,,,808,654,154,80.94,19.06
"42101015700","Census Tract 157, Philadelphia County, Pennsylvania","ACSSF","pa","140","00","0008965",,,,,"42","101",,,"015700",,,,,,,,,,,,,,,,,,,,,,,,,,,,,,,,,,,"14000US42101015700","Census Tract 157",,,,1597,1544,53,96.68,3.32
"42101015800","Census Tract 158, Philadelphia County, Pennsylvania","ACSSF","pa","140","00","0008966",,,,,"42","101",,,"015800",,,,,,,,,,,,,,,,,,,,,,,,,,,,,,,,,,,"14000US42101015800","Census Tract 158",,,,5084,4890,194,96.18,3.82
"42101016001","Census Tract 160.01, Philadelphia County, Pennsylvania","ACSSF","pa","140","00","0008967",,,,,"42","101",,,"016001",,,,,,,,,,,,,,,,,,,,,,,,,,,,,,,,,,,"14000US42101016001","Census Tract 160.01",,,,1634,1606,28,98.29,1.71
"42101016002","Census Tract 160.02, Philadelphia County, Pennsylvania","ACSSF","pa","140","00","0008968",,,,,"42","101",,,"016002",,,,,,,,,,,,,,,,,,,,,,,,,,,,,,,,,,,"14000US42101016002","Census Tract 160.02",,,,3014,2899,115,96.18,3.82
"42101016100","Census Tract 161, Philadelphia County, Pennsylvania","ACSSF","pa","140","00","0008969",,,,,"42","101",,,"016100",,,,,,,,,,,,,,,,,,,,,,,,,,,,,,,,,,,"14000US42101016100","Census Tract 161",,,,4062,3936,126,96.9,3.1
"42101016200","Census Tract 162, Philadelphia County, Pennsylvania","ACSSF","pa","140","00","0008970",,,,,"42","101",,,"016200",,,,,,,,,,,,,,,,,,,,,,,,,,,,,,,,,,,"14000US42101016200","Census Tract 162",,,,883,767,116,86.86,13.14
"42101016300","Census Tract 163, Philadelphia County, Pennsylvania","ACSSF","pa","140","00","0008971",,,,,"42","101",,,"016300",,,,,,,,,,,,,,,,,,,,,,,,,,,,,,,,,,,"14000US42101016300","Census Tract 163",,,,1148,997,151,86.85,13.15
"42101016400","Census Tract 164, Philadelphia County, Pennsylvania","ACSSF","pa","140","00","0008972",,,,,"42","101",,,"016400",,,,,,,,,,,,,,,,,,,,,,,,,,,,,,,,,,,"14000US42101016400","Census Tract 164",,,,1733,1606,127,92.67,7.33
"42101016500","Census Tract 165, Philadelphia County, Pennsylvania","ACSSF","pa","140","00","0008973",,,,,"42","101",,,"016500",,,,,,,,,,,,,,,,,,,,,,,,,,,,,,,,,,,"14000US42101016500","Census Tract 165",,,,1244,1198,46,96.3,3.7
"42101016600","Census Tract 166, Philadelphia County, Pennsylvania","ACSSF","pa","140","00","0008974",,,,,"42","101",,,"016600",,,,,,,,,,,,,,,,,,,,,,,,,,,,,,,,,,,"14000US42101016600","Census Tract 166",,,,1172,863,309,73.63,26.37
"42101016701","Census Tract 167.01, Philadelphia County, Pennsylvania","ACSSF","pa","140","00","0008975",,,,,"42","101",,,"016701",,,,,,,,,,,,,,,,,,,,,,,,,,,,,,,,,,,"14000US42101016701","Census Tract 167.01",,,,1296,1064,232,82.1,17.9
"42101016702","Census Tract 167.02, Philadelphia County, Pennsylvania","ACSSF","pa","140","00","0008976",,,,,"42","101",,,"016702",,,,,,,,,,,,,,,,,,,,,,,,,,,,,,,,,,,"14000US42101016702","Census Tract 167.02",,,,950,772,178,81.26,18.74
"42101016800","Census Tract 168, Philadelphia County, Pennsylvania","ACSSF","pa","140","00","0008977",,,,,"42","101",,,"016800",,,,,,,,,,,,,,,,,,,,,,,,,,,,,,,,,,,"14000US42101016800","Census Tract 168",,,,1144,980,164,85.66,14.34
"42101016901","Census Tract 169.01, Philadelphia County, Pennsylvania","ACSSF","pa","140","00","0008978",,,,,"42","101",,,"016901",,,,,,,,,,,,,,,,,,,,,,,,,,,,,,,,,,,"14000US42101016901","Census Tract 169.01",,,,1524,1225,299,80.38,19.62
"42101016902","Census Tract 169.02, Philadelphia County, Pennsylvania","ACSSF","pa","140","00","0008979",,,,,"42","101",,,"016902",,,,,,,,,,,,,,,,,,,,,,,,,,,,,,,,,,,"14000US42101016902","Census Tract 169.02",,,,1673,1504,169,89.9,10.1
"42101017000","Census Tract 170, Philadelphia County, Pennsylvania","ACSSF","pa","140","00","0008980",,,,,"42","101",,,"017000",,,,,,,,,,,,,,,,,,,,,,,,,,,,,,,,,,,"14000US42101017000","Census Tract 170",,,,1706,1609,97,94.31,5.69
"42101017100","Census Tract 171, Philadelphia County, Pennsylvania","ACSSF","pa","140","00","0008981",,,,,"42","101",,,"017100",,,,,,,,,,,,,,,,,,,,,,,,,,,,,,,,,,,"14000US42101017100","Census Tract 171",,,,1712,1349,363,78.8,21.2
"42101017201","Census Tract 172.01, Philadelphia County, Pennsylvania","ACSSF","pa","140","00","0008982",,,,,"42","101",,,"017201",,,,,,,,,,,,,,,,,,,,,,,,,,,,,,,,,,,"14000US42101017201","Census Tract 172.01",,,,1249,993,256,79.5,20.5
"42101017202","Census Tract 172.02, Philadelphia County, Pennsylvania","ACSSF","pa","140","00","0008983",,,,,"42","101",,,"017202",,,,,,,,,,,,,,,,,,,,,,,,,,,,,,,,,,,"14000US42101017202","Census Tract 172.02",,,,1469,1295,174,88.16,11.84
"42101017300","Census Tract 173, Philadelphia County, Pennsylvania","ACSSF","pa","140","00","0008984",,,,,"42","101",,,"017300",,,,,,,,,,,,,,,,,,,,,,,,,,,,,,,,,,,"14000US42101017300","Census Tract 173",,,,879,878,1,99.89,0.11
"42101017400","Census Tract 174, Philadelphia County, Pennsylvania","ACSSF","pa","140","00","0008985",,,,,"42","101",,,"017400",,,,,,,,,,,,,,,,,,,,,,,,,,,,,,,,,,,"14000US42101017400","Census Tract 174",,,,1031,734,297,71.19,28.81
"42101017500","Census Tract 175, Philadelphia County, Pennsylvania","ACSSF","pa","140","00","0008986",,,,,"42","101",,,"017500",,,,,,,,,,,,,,,,,,,,,,,,,,,,,,,,,,,"14000US42101017500","Census Tract 175",,,,2551,2164,387,84.83,15.17
"42101017601","Census Tract 176.01, Philadelphia County, Pennsylvania","ACSSF","pa","140","00","0008987",,,,,"42","101",,,"017601",,,,,,,,,,,,,,,,,,,,,,,,,,,,,,,,,,,"14000US42101017601","Census Tract 176.01",,,,1325,1203,122,90.79,9.21
"42101017602","Census Tract 176.02, Philadelphia County, Pennsylvania","ACSSF","pa","140","00","0008988",,,,,"42","101",,,"017602",,,,,,,,,,,,,,,,,,,,,,,,,,,,,,,,,,,"14000US42101017602","Census Tract 176.02",,,,1063,992,71,93.32,6.68
"42101017701","Census Tract 177.01, Philadelphia County, Pennsylvania","ACSSF","pa","140","00","0008989",,,,,"42","101",,,"017701",,,,,,,,,,,,,,,,,,,,,,,,,,,,,,,,,,,"14000US42101017701","Census Tract 177.01",,,,1102,1095,7,99.36,0.64
"42101017702","Census Tract 177.02, Philadelphia County, Pennsylvania","ACSSF","pa","140","00","0008990",,,,,"42","101",,,"017702",,,,,,,,,,,,,,,,,,,,,,,,,,,,,,,,,,,"14000US42101017702","Census Tract 177.02",,,,1441,1351,90,93.75,6.25
"42101017800","Census Tract 178, Philadelphia County, Pennsylvania","ACSSF","pa","140","00","0008991",,,,,"42","101",,,"017800",,,,,,,,,,,,,,,,,,,,,,,,,,,,,,,,,,,"14000US42101017800","Census Tract 178",,,,2599,2404,195,92.5,7.5
"42101017900","Census Tract 179, Philadelphia County, Pennsylvania","ACSSF","pa","140","00","0008992",,,,,"42","101",,,"017900",,,,,,,,,,,,,,,,,,,,,,,,,,,,,,,,,,,"14000US42101017900","Census Tract 179",,,,2790,2635,155,94.44,5.56
"42101018001","Census Tract 180.01, Philadelphia County, Pennsylvania","ACSSF","pa","140","00","0008993",,,,,"42","101",,,"018001",,,,,,,,,,,,,,,,,,,,,,,,,,,,,,,,,,,"14000US42101018001","Census Tract 180.01",,,,1218,1075,143,88.26,11.74
"42101018002","Census Tract 180.02, Philadelphia County, Pennsylvania","ACSSF","pa","140","00","0008994",,,,,"42","101",,,"018002",,,,,,,,,,,,,,,,,,,,,,,,,,,,,,,,,,,"14000US42101018002","Census Tract 180.02",,,,3016,2968,48,98.41,1.59
"42101018300","Census Tract 183, Philadelphia County, Pennsylvania","ACSSF","pa","140","00","0008995",,,,,"42","101",,,"018300",,,,,,,,,,,,,,,,,,,,,,,,,,,,,,,,,,,"14000US42101018300","Census Tract 183",,,,2045,1930,115,94.38,5.62
"42101018400","Census Tract 184, Philadelphia County, Pennsylvania","ACSSF","pa","140","00","0008996",,,,,"42","101",,,"018400",,,,,,,,,,,,,,,,,,,,,,,,,,,,,,,,,,,"14000US42101018400","Census Tract 184",,,,1012,949,63,93.77,6.23
"42101018801","Census Tract 188.01, Philadelphia County, Pennsylvania","ACSSF","pa","140","00","0008997",,,,,"42","101",,,"018801",,,,,,,,,,,,,,,,,,,,,,,,,,,,,,,,,,,"14000US42101018801","Census Tract 188.01",,,,1244,1168,76,93.89,6.11
"42101018802","Census Tract 188.02, Philadelphia County, Pennsylvania","ACSSF","pa","140","00","0008998",,,,,"42","101",,,"018802",,,,,,,,,,,,,,,,,,,,,,,,,,,,,,,,,,,"14000US42101018802","Census Tract 188.02",,,,1773,1650,123,93.06,6.94
"42101019000","Census Tract 190, Philadelphia County, Pennsylvania","ACSSF","pa","140","00","0008999",,,,,"42","101",,,"019000",,,,,,,,,,,,,,,,,,,,,,,,,,,,,,,,,,,"14000US42101019000","Census Tract 190",,,,3130,2916,214,93.16,6.84
"42101019100","Census Tract 191, Philadelphia County, Pennsylvania","ACSSF","pa","140","00","0009000",,,,,"42","101",,,"019100",,,,,,,,,,,,,,,,,,,,,,,,,,,,,,,,,,,"14000US42101019100","Census Tract 191",,,,3085,2897,188,93.91,6.09
"42101019200","Census Tract 192, Philadelphia County, Pennsylvania","ACSSF","pa","140","00","0009001",,,,,"42","101",,,"019200",,,,,,,,,,,,,,,,,,,,,,,,,,,,,,,,,,,"14000US42101019200","Census Tract 192",,,,2183,2045,138,93.68,6.32
"42101019501","Census Tract 195.01, Philadelphia County, Pennsylvania","ACSSF","pa","140","00","0009002",,,,,"42","101",,,"019501",,,,,,,,,,,,,,,,,,,,,,,,,,,,,,,,,,,"14000US42101019501","Census Tract 195.01",,,,1772,1248,524,70.43,29.57
"42101019502","Census Tract 195.02, Philadelphia County, Pennsylvania","ACSSF","pa","140","00","0009003",,,,,"42","101",,,"019502",,,,,,,,,,,,,,,,,,,,,,,,,,,,,,,,,,,"14000US42101019502","Census Tract 195.02",,,,876,796,80,90.87,9.13
"42101019700","Census Tract 197, Philadelphia County, Pennsylvania","ACSSF","pa","140","00","0009004",,,,,"42","101",,,"019700",,,,,,,,,,,,,,,,,,,,,,,,,,,,,,,,,,,"14000US42101019700","Census Tract 197",,,,2637,2005,632,76.03,23.97
"42101019800","Census Tract 198, Philadelphia County, Pennsylvania","ACSSF","pa","140","00","0009005",,,,,"42","101",,,"019800",,,,,,,,,,,,,,,,,,,,,,,,,,,,,,,,,,,"14000US42101019800","Census Tract 198",,,,2428,2163,265,89.09,10.91
"42101019900","Census Tract 199, Philadelphia County, Pennsylvania","ACSSF","pa","140","00","0009006",,,,,"42","101",,,"019900",,,,,,,,,,,,,,,,,,,,,,,,,,,,,,,,,,,"14000US42101019900","Census Tract 199",,,,2144,1937,207,90.35,9.65
"42101020000","Census Tract 200, Philadelphia County, Pennsylvania","ACSSF","pa","140","00","0009007",,,,,"42","101",,,"020000",,,,,,,,,,,,,,,,,,,,,,,,,,,,,,,,,,,"14000US42101020000","Census Tract 200",,,,406,371,35,91.38,8.62
"42101020101","Census Tract 201.01, Philadelphia County, Pennsylvania","ACSSF","pa","140","00","0009008",,,,,"42","101",,,"020101",,,,,,,,,,,,,,,,,,,,,,,,,,,,,,,,,,,"14000US42101020101","Census Tract 201.01",,,,948,868,80,91.56,8.44
"42101020102","Census Tract 201.02, Philadelphia County, Pennsylvania","ACSSF","pa","140","00","0009009",,,,,"42","101",,,"020102",,,,,,,,,,,,,,,,,,,,,,,,,,,,,,,,,,,"14000US42101020102","Census Tract 201.02",,,,1762,1715,47,97.33,2.67
"42101020200","Census Tract 202, Philadelphia County, Pennsylvania","ACSSF","pa","140","00","0009010",,,,,"42","101",,,"020200",,,,,,,,,,,,,,,,,,,,,,,,,,,,,,,,,,,"14000US42101020200","Census Tract 202",,,,1755,1539,216,87.69,12.31
"42101020300","Census Tract 203, Philadelphia County, Pennsylvania","ACSSF","pa","140","00","0009011",,,,,"42","101",,,"020300",,,,,,,,,,,,,,,,,,,,,,,,,,,,,,,,,,,"14000US42101020300","Census Tract 203",,,,1374,1168,206,85.01,14.99
"42101020400","Census Tract 204, Philadelphia County, Pennsylvania","ACSSF","pa","140","00","0009012",,,,,"42","101",,,"020400",,,,,,,,,,,,,,,,,,,,,,,,,,,,,,,,,,,"14000US42101020400","Census Tract 204",,,,1150,791,359,68.78,31.22
"42101020500","Census Tract 205, Philadelphia County, Pennsylvania","ACSSF","pa","140","00","0009013",,,,,"42","101",,,"020500",,,,,,,,,,,,,,,,,,,,,,,,,,,,,,,,,,,"14000US42101020500","Census Tract 205",,,,1286,1207,79,93.86,6.14
"42101020600","Census Tract 206, Philadelphia County, Pennsylvania","ACSSF","pa","140","00","0009014",,,,,"42","101",,,"020600",,,,,,,,,,,,,,,,,,,,,,,,,,,,,,,,,,,"14000US42101020600","Census Tract 206",,,,1109,1034,75,93.24,6.76
"42101020701","Census Tract 207.01, Philadelphia County, Pennsylvania","ACSSF","pa","140","00","0009015",,,,,"42","101",,,"020701",,,,,,,,,,,,,,,,,,,,,,,,,,,,,,,,,,,"14000US42101020701","Census Tract 207.01",,,,2759,2607,152,94.49,5.51
"42101020702","Census Tract 207.02, Philadelphia County, Pennsylvania","ACSSF","pa","140","00","0009016",,,,,"42","101",,,"020702",,,,,,,,,,,,,,,,,,,,,,,,,,,,,,,,,,,"14000US42101020702","Census Tract 207.02",,,,942,910,32,96.6,3.4
"42101020800","Census Tract 208, Philadelphia County, Pennsylvania","ACSSF","pa","140","00","0009017",,,,,"42","101",,,"020800",,,,,,,,,,,,,,,,,,,,,,,,,,,,,,,,,,,"14000US42101020800","Census Tract 208",,,,1420,1279,141,90.07,9.93
"42101020900","Census Tract 209, Philadelphia County, Pennsylvania","ACSSF","pa","140","00","0009018",,,,,"42","101",,,"020900",,,,,,,,,,,,,,,,,,,,,,,,,,,,,,,,,,,"14000US42101020900","Census Tract 209",,,,2382,2305,77,96.77,3.23
"42101021000","Census Tract 210, Philadelphia County, Pennsylvania","ACSSF","pa","140","00","0009019",,,,,"42","101",,,"021000",,,,,,,,,,,,,,,,,,,,,,,,,,,,,,,,,,,"14000US42101021000","Census Tract 210",,,,3745,3645,100,97.33,2.67
"42101021100","Census Tract 211, Philadelphia County, Pennsylvania","ACSSF","pa","140","00","0009020",,,,,"42","101",,,"021100",,,,,,,,,,,,,,,,,,,,,,,,,,,,,,,,,,,"14000US42101021100","Census Tract 211",,,,1668,1634,34,97.96,2.04
"42101021200","Census Tract 212, Philadelphia County, Pennsylvania","ACSSF","pa","140","00","0009021",,,,,"42","101",,,"021200",,,,,,,,,,,,,,,,,,,,,,,,,,,,,,,,,,,"14000US42101021200","Census Tract 212",,,,1788,1754,34,98.1,1.9
"42101021300","Census Tract 213, Philadelphia County, Pennsylvania","ACSSF","pa","140","00","0009022",,,,,"42","101",,,"021300",,,,,,,,,,,,,,,,,,,,,,,,,,,,,,,,,,,"14000US42101021300","Census Tract 213",,,,2437,2309,128,94.75,5.25
"42101021400","Census Tract 214, Philadelphia County, Pennsylvania","ACSSF","pa","140","00","0009023",,,,,"42","101",,,"021400",,,,,,,,,,,,,,,,,,,,,,,,,,,,,,,,,,,"14000US42101021400","Census Tract 214",,,,3002,2821,181,93.97,6.03
"42101021500","Census Tract 215, Philadelphia County, Pennsylvania","ACSSF","pa","140","00","0009024",,,,,"42","101",,,"021500",,,,,,,,,,,,,,,,,,,,,,,,,,,,,,,,,,,"14000US42101021500","Census Tract 215",,,,2972,2859,113,96.2,3.8
"42101021600","Census Tract 216, Philadelphia County, Pennsylvania","ACSSF","pa","140","00","0009025",,,,,"42","101",,,"021600",,,,,,,,,,,,,,,,,,,,,,,,,,,,,,,,,,,"14000US42101021600","Census Tract 216",,,,1619,1571,48,97.04,2.96
"42101021700","Census Tract 217, Philadelphia County, Pennsylvania","ACSSF","pa","140","00","0009026",,,,,"42","101",,,"021700",,,,,,,,,,,,,,,,,,,,,,,,,,,,,,,,,,,"14000US42101021700","Census Tract 217",,,,3154,2890,264,91.63,8.37
"42101021800","Census Tract 218, Philadelphia County, Pennsylvania","ACSSF","pa","140","00","0009027",,,,,"42","101",,,"021800",,,,,,,,,,,,,,,,,,,,,,,,,,,,,,,,,,,"14000US42101021800","Census Tract 218",,,,3327,3002,325,90.23,9.77
"42101021900","Census Tract 219, Philadelphia County, Pennsylvania","ACSSF","pa","140","00","0009028",,,,,"42","101",,,"021900",,,,,,,,,,,,,,,,,,,,,,,,,,,,,,,,,,,"14000US42101021900","Census Tract 219",,,,893,824,69,92.27,7.73
"42101022000","Census Tract 220, Philadelphia County, Pennsylvania","ACSSF","pa","140","00","0009029",,,,,"42","101",,,"022000",,,,,,,,,,,,,,,,,,,,,,,,,,,,,,,,,,,"14000US42101022000","Census Tract 220",,,,727,697,30,95.87,4.13
"42101023100","Census Tract 231, Philadelphia County, Pennsylvania","ACSSF","pa","140","00","0009030",,,,,"42","101",,,"023100",,,,,,,,,,,,,,,,,,,,,,,,,,,,,,,,,,,"14000US42101023100","Census Tract 231",,,,708,703,5,99.29,0.71
"42101023500","Census Tract 235, Philadelphia County, Pennsylvania","ACSSF","pa","140","00","0009031",,,,,"42","101",,,"023500",,,,,,,,,,,,,,,,,,,,,,,,,,,,,,,,,,,"14000US42101023500","Census Tract 235",,,,742,734,8,98.92,1.08
"42101023600","Census Tract 236, Philadelphia County, Pennsylvania","ACSSF","pa","140","00","0009032",,,,,"42","101",,,"023600",,,,,,,,,,,,,,,,,,,,,,,,,,,,,,,,,,,"14000US42101023600","Census Tract 236",,,,1262,1253,9,99.29,0.71
"42101023700","Census Tract 237, Philadelphia County, Pennsylvania","ACSSF","pa","140","00","0009033",,,,,"42","101",,,"023700",,,,,,,,,,,,,,,,,,,,,,,,,,,,,,,,,,,"14000US42101023700","Census Tract 237",,,,2577,2409,168,93.48,6.52
"42101023800","Census Tract 238, Philadelphia County, Pennsylvania","ACSSF","pa","140","00","0009034",,,,,"42","101",,,"023800",,,,,,,,,,,,,,,,,,,,,,,,,,,,,,,,,,,"14000US42101023800","Census Tract 238",,,,2849,2457,392,86.24,13.76
"42101023900","Census Tract 239, Philadelphia County, Pennsylvania","ACSSF","pa","140","00","0009035",,,,,"42","101",,,"023900",,,,,,,,,,,,,,,,,,,,,,,,,,,,,,,,,,,"14000US42101023900","Census Tract 239",,,,914,864,50,94.53,5.47
"42101024000","Census Tract 240, Philadelphia County, Pennsylvania","ACSSF","pa","140","00","0009036",,,,,"42","101",,,"024000",,,,,,,,,,,,,,,,,,,,,,,,,,,,,,,,,,,"14000US42101024000","Census Tract 240",,,,2266,1937,329,85.48,14.52
"42101024100","Census Tract 241, Philadelphia County, Pennsylvania","ACSSF","pa","140","00","0009037",,,,,"42","101",,,"024100",,,,,,,,,,,,,,,,,,,,,,,,,,,,,,,,,,,"14000US42101024100","Census Tract 241",,,,487,430,57,88.3,11.7
"42101024200","Census Tract 242, Philadelphia County, Pennsylvania","ACSSF","pa","140","00","0009038",,,,,"42","101",,,"024200",,,,,,,,,,,,,,,,,,,,,,,,,,,,,,,,,,,"14000US42101024200","Census Tract 242",,,,2165,1942,223,89.7,10.3
"42101024300","Census Tract 243, Philadelphia County, Pennsylvania","ACSSF","pa","140","00","0009039",,,,,"42","101",,,"024300",,,,,,,,,,,,,,,,,,,,,,,,,,,,,,,,,,,"14000US42101024300","Census Tract 243",,,,2088,1890,198,90.52,9.48
"42101024400","Census Tract 244, Philadelphia County, Pennsylvania","ACSSF","pa","140","00","0009040",,,,,"42","101",,,"024400",,,,,,,,,,,,,,,,,,,,,,,,,,,,,,,,,,,"14000US42101024400","Census Tract 244",,,,1578,1495,83,94.74,5.26
"42101024500","Census Tract 245, Philadelphia County, Pennsylvania","ACSSF","pa","140","00","0009041",,,,,"42","101",,,"024500",,,,,,,,,,,,,,,,,,,,,,,,,,,,,,,,,,,"14000US42101024500","Census Tract 245",,,,1714,1542,172,89.96,10.04
"42101024600","Census Tract 246, Philadelphia County, Pennsylvania","ACSSF","pa","140","00","0009042",,,,,"42","101",,,"024600",,,,,,,,,,,,,,,,,,,,,,,,,,,,,,,,,,,"14000US42101024600","Census Tract 246",,,,1292,1026,266,79.41,20.59
"42101024700","Census Tract 247, Philadelphia County, Pennsylvania","ACSSF","pa","140","00","0009043",,,,,"42","101",,,"024700",,,,,,,,,,,,,,,,,,,,,,,,,,,,,,,,,,,"14000US42101024700","Census Tract 247",,,,1915,1679,236,87.68,12.32
"42101024800","Census Tract 248, Philadelphia County, Pennsylvania","ACSSF","pa","140","00","0009044",,,,,"42","101",,,"024800",,,,,,,,,,,,,,,,,,,,,,,,,,,,,,,,,,,"14000US42101024800","Census Tract 248",,,,1086,987,99,90.88,9.12
"42101024900","Census Tract 249, Philadelphia County, Pennsylvania","ACSSF","pa","140","00","0009045",,,,,"42","101",,,"024900",,,,,,,,,,,,,,,,,,,,,,,,,,,,,,,,,,,"14000US42101024900","Census Tract 249",,,,1111,919,192,82.72,17.28
"42101025200","Census Tract 252, Philadelphia County, Pennsylvania","ACSSF","pa","140","00","0009046",,,,,"42","101",,,"025200",,,,,,,,,,,,,,,,,,,,,,,,,,,,,,,,,,,"14000US42101025200","Census Tract 252",,,,3644,2872,772,78.81,21.19
"42101025300","Census Tract 253, Philadelphia County, Pennsylvania","ACSSF","pa","140","00","0009047",,,,,"42","101",,,"025300",,,,,,,,,,,,,,,,,,,,,,,,,,,,,,,,,,,"14000US42101025300","Census Tract 253",,,,2570,2328,242,90.58,9.42
"42101025400","Census Tract 254, Philadelphia County, Pennsylvania","ACSSF","pa","140","00","0009048",,,,,"42","101",,,"025400",,,,,,,,,,,,,,,,,,,,,,,,,,,,,,,,,,,"14000US42101025400","Census Tract 254",,,,2254,2089,165,92.68,7.32
"42101025500","Census Tract 255, Philadelphia County, Pennsylvania","ACSSF","pa","140","00","0009049",,,,,"42","101",,,"025500",,,,,,,,,,,,,,,,,,,,,,,,,,,,,,,,,,,"14000US42101025500","Census Tract 255",,,,1482,1362,120,91.9,8.1
"42101025600","Census Tract 256, Philadelphia County, Pennsylvania","ACSSF","pa","140","00","0009050",,,,,"42","101",,,"025600",,,,,,,,,,,,,,,,,,,,,,,,,,,,,,,,,,,"14000US42101025600","Census Tract 256",,,,1718,1619,99,94.24,5.76
"42101025700","Census Tract 257, Philadelphia County, Pennsylvania","ACSSF","pa","140","00","0009051",,,,,"42","101",,,"025700",,,,,,,,,,,,,,,,,,,,,,,,,,,,,,,,,,,"14000US42101025700","Census Tract 257",,,,2334,2171,163,93.02,6.98
"42101025800","Census Tract 258, Philadelphia County, Pennsylvania","ACSSF","pa","140","00","0009052",,,,,"42","101",,,"025800",,,,,,,,,,,,,,,,,,,,,,,,,,,,,,,,,,,"14000US42101025800","Census Tract 258",,,,820,753,67,91.83,8.17
"42101025900","Census Tract 259, Philadelphia County, Pennsylvania","ACSSF","pa","140","00","0009053",,,,,"42","101",,,"025900",,,,,,,,,,,,,,,,,,,,,,,,,,,,,,,,,,,"14000US42101025900","Census Tract 259",,,,1981,1794,187,90.56,9.44
"42101026000","Census Tract 260, Philadelphia County, Pennsylvania","ACSSF","pa","140","00","0009054",,,,,"42","101",,,"026000",,,,,,,,,,,,,,,,,,,,,,,,,,,,,,,,,,,"14000US42101026000","Census Tract 260",,,,1793,1526,267,85.11,14.89
"42101026100","Census Tract 261, Philadelphia County, Pennsylvania","ACSSF","pa","140","00","0009055",,,,,"42","101",,,"026100",,,,,,,,,,,,,,,,,,,,,,,,,,,,,,,,,,,"14000US42101026100","Census Tract 261",,,,1544,1347,197,87.24,12.76
"42101026200","Census Tract 262, Philadelphia County, Pennsylvania","ACSSF","pa","140","00","0009056",,,,,"42","101",,,"026200",,,,,,,,,,,,,,,,,,,,,,,,,,,,,,,,,,,"14000US42101026200","Census Tract 262",,,,2071,1842,229,88.94,11.06
"42101026301","Census Tract 263.01, Philadelphia County, Pennsylvania","ACSSF","pa","140","00","0009057",,,,,"42","101",,,"026301",,,,,,,,,,,,,,,,,,,,,,,,,,,,,,,,,,,"14000US42101026301","Census Tract 263.01",,,,1916,1672,244,87.27,12.73
"42101026302","Census Tract 263.02, Philadelphia County, Pennsylvania","ACSSF","pa","140","00","0009058",,,,,"42","101",,,"026302",,,,,,,,,,,,,,,,,,,,,,,,,,,,,,,,,,,"14000US42101026302","Census Tract 263.02",,,,2659,2575,84,96.84,3.16
"42101026400","Census Tract 264, Philadelphia County, Pennsylvania","ACSSF","pa","140","00","0009059",,,,,"42","101",,,"026400",,,,,,,,,,,,,,,,,,,,,,,,,,,,,,,,,,,"14000US42101026400","Census Tract 264",,,,2830,2269,561,80.18,19.82
"42101026500","Census Tract 265, Philadelphia County, Pennsylvania","ACSSF","pa","140","00","0009060",,,,,"42","101",,,"026500",,,,,,,,,,,,,,,,,,,,,,,,,,,,,,,,,,,"14000US42101026500","Census Tract 265",,,,2357,2020,337,85.7,14.3
"42101026600","Census Tract 266, Philadelphia County, Pennsylvania","ACSSF","pa","140","00","0009061",,,,,"42","101",,,"026600",,,,,,,,,,,,,,,,,,,,,,,,,,,,,,,,,,,"14000US42101026600","Census Tract 266",,,,3487,3145,342,90.19,9.81
"42101026700","Census Tract 267, Philadelphia County, Pennsylvania","ACSSF","pa","140","00","0009062",,,,,"42","101",,,"026700",,,,,,,,,,,,,,,,,,,,,,,,,,,,,,,,,,,"14000US42101026700","Census Tract 267",,,,3668,3170,498,86.42,13.58
"42101026800","Census Tract 268, Philadelphia County, Pennsylvania","ACSSF","pa","140","00","0009063",,,,,"42","101",,,"026800",,,,,,,,,,,,,,,,,,,,,,,,,,,,,,,,,,,"14000US42101026800","Census Tract 268",,,,2135,1933,202,90.54,9.46
"42101026900","Census Tract 269, Philadelphia County, Pennsylvania","ACSSF","pa","140","00","0009064",,,,,"42","101",,,"026900",,,,,,,,,,,,,,,,,,,,,,,,,,,,,,,,,,,"14000US42101026900","Census Tract 269",,,,1239,1184,55,95.56,4.44
"42101027000","Census Tract 270, Philadelphia County, Pennsylvania","ACSSF","pa","140","00","0009065",,,,,"42","101",,,"027000",,,,,,,,,,,,,,,,,,,,,,,,,,,,,,,,,,,"14000US42101027000","Census Tract 270",,,,1295,1156,139,89.27,10.73
"42101027100","Census Tract 271, Philadelphia County, Pennsylvania","ACSSF","pa","140","00","0009066",,,,,"42","101",,,"027100",,,,,,,,,,,,,,,,,,,,,,,,,,,,,,,,,,,"14000US42101027100","Census Tract 271",,,,1356,1150,206,84.81,15.19
"42101027200","Census Tract 272, Philadelphia County, Pennsylvania","ACSSF","pa","140","00","0009067",,,,,"42","101",,,"027200",,,,,,,,,,,,,,,,,,,,,,,,,,,,,,,,,,,"14000US42101027200","Census Tract 272",,,,2264,1904,360,84.1,15.9
"42101027300","Census Tract 273, Philadelphia County, Pennsylvania","ACSSF","pa","140","00","0009068",,,,,"42","101",,,"027300",,,,,,,,,,,,,,,,,,,,,,,,,,,,,,,,,,,"14000US42101027300","Census Tract 273",,,,3057,2914,143,95.32,4.68
"42101027401","Census Tract 274.01, Philadelphia County, Pennsylvania","ACSSF","pa","140","00","0009069",,,,,"42","101",,,"027401",,,,,,,,,,,,,,,,,,,,,,,,,,,,,,,,,,,"14000US42101027401","Census Tract 274.01",,,,1376,1253,123,91.06,8.94
"42101027402","Census Tract 274.02, Philadelphia County, Pennsylvania","ACSSF","pa","140","00","0009070",,,,,"42","101",,,"027402",,,,,,,,,,,,,,,,,,,,,,,,,,,,,,,,,,,"14000US42101027402","Census Tract 274.02",,,,3351,2907,444,86.75,13.25
"42101027500","Census Tract 275, Philadelphia County, Pennsylvania","ACSSF","pa","140","00","0009071",,,,,"42","101",,,"027500",,,,,,,,,,,,,,,,,,,,,,,,,,,,,,,,,,,"14000US42101027500","Census Tract 275",,,,2630,2392,238,90.95,9.05
"42101027600","Census Tract 276, Philadelphia County, Pennsylvania","ACSSF","pa","140","00","0009072",,,,,"42","101",,,"027600",,,,,,,,,,,,,,,,,,,,,,,,,,,,,,,,,,,"14000US42101027600","Census Tract 276",,,,2295,2041,254,88.93,11.07
"42101027700","Census Tract 277, Philadelphia County, Pennsylvania","ACSSF","pa","140","00","0009073",,,,,"42","101",,,"027700",,,,,,,,,,,,,,,,,,,,,,,,,,,,,,,,,,,"14000US42101027700","Census Tract 277",,,,2546,2180,366,85.62,14.38
"42101027800","Census Tract 278, Philadelphia County, Pennsylvania","ACSSF","pa","140","00","0009074",,,,,"42","101",,,"027800",,,,,,,,,,,,,,,,,,,,,,,,,,,,,,,,,,,"14000US42101027800","Census Tract 278",,,,2355,1987,368,84.37,15.63
"42101027901","Census Tract 279.01, Philadelphia County, Pennsylvania","ACSSF","pa","140","00","0009075",,,,,"42","101",,,"027901",,,,,,,,,,,,,,,,,,,,,,,,,,,,,,,,,,,"14000US42101027901","Census Tract 279.01",,,,1720,1624,96,94.42,5.58
"42101027902","Census Tract 279.02, Philadelphia County, Pennsylvania","ACSSF","pa","140","00","0009076",,,,,"42","101",,,"027902",,,,,,,,,,,,,,,,,,,,,,,,,,,,,,,,,,,"14000US42101027902","Census Tract 279.02",,,,1899,1789,110,94.21,5.79
"42101028000","Census Tract 280, Philadelphia County, Pennsylvania","ACSSF","pa","140","00","0009077",,,,,"42","101",,,"028000",,,,,,,,,,,,,,,,,,,,,,,,,,,,,,,,,,,"14000US42101028000","Census Tract 280",,,,1424,1246,178,87.5,12.5
"42101028100","Census Tract 281, Philadelphia County, Pennsylvania","ACSSF","pa","140","00","0009078",,,,,"42","101",,,"028100",,,,,,,,,,,,,,,,,,,,,,,,,,,,,,,,,,,"14000US42101028100","Census Tract 281",,,,2333,1891,442,81.05,18.95
"42101028200","Census Tract 282, Philadelphia County, Pennsylvania","ACSSF","pa","140","00","0009079",,,,,"42","101",,,"028200",,,,,,,,,,,,,,,,,,,,,,,,,,,,,,,,,,,"14000US42101028200","Census Tract 282",,,,2296,1383,913,60.24,39.76
"42101028300","Census Tract 283, Philadelphia County, Pennsylvania","ACSSF","pa","140","00","0009080",,,,,"42","101",,,"028300",,,,,,,,,,,,,,,,,,,,,,,,,,,,,,,,,,,"14000US42101028300","Census Tract 283",,,,2164,2018,146,93.25,6.75
"42101028400","Census Tract 284, Philadelphia County, Pennsylvania","ACSSF","pa","140","00","0009081",,,,,"42","101",,,"028400",,,,,,,,,,,,,,,,,,,,,,,,,,,,,,,,,,,"14000US42101028400","Census Tract 284",,,,1313,1062,251,80.88,19.12
"42101028500","Census Tract 285, Philadelphia County, Pennsylvania","ACSSF","pa","140","00","0009082",,,,,"42","101",,,"028500",,,,,,,,,,,,,,,,,,,,,,,,,,,,,,,,,,,"14000US42101028500","Census Tract 285",,,,1016,875,141,86.12,13.88
"42101028600","Census Tract 286, Philadelphia County, Pennsylvania","ACSSF","pa","140","00","0009083",,,,,"42","101",,,"028600",,,,,,,,,,,,,,,,,,,,,,,,,,,,,,,,,,,"14000US42101028600","Census Tract 286",,,,3781,3171,610,83.87,16.13
"42101028700","Census Tract 287, Philadelphia County, Pennsylvania","ACSSF","pa","140","00","0009084",,,,,"42","101",,,"028700",,,,,,,,,,,,,,,,,,,,,,,,,,,,,,,,,,,"14000US42101028700","Census Tract 287",,,,982,866,116,88.19,11.81
"42101028800","Census Tract 288, Philadelphia County, Pennsylvania","ACSSF","pa","140","00","0009085",,,,,"42","101",,,"028800",,,,,,,,,,,,,,,,,,,,,,,,,,,,,,,,,,,"14000US42101028800","Census Tract 288",,,,2403,2002,401,83.31,16.69
"42101028901","Census Tract 289.01, Philadelphia County, Pennsylvania","ACSSF","pa","140","00","0009086",,,,,"42","101",,,"028901",,,,,,,,,,,,,,,,,,,,,,,,,,,,,,,,,,,"14000US42101028901","Census Tract 289.01",,,,1739,1471,268,84.59,15.41
"42101028902","Census Tract 289.02, Philadelphia County, Pennsylvania","ACSSF","pa","140","00","0009087",,,,,"42","101",,,"028902",,,,,,,,,,,,,,,,,,,,,,,,,,,,,,,,,,,"14000US42101028902","Census Tract 289.02",,,,2930,2641,289,90.14,9.86
"42101029000","Census Tract 290, Philadelphia County, Pennsylvania","ACSSF","pa","140","00","0009088",,,,,"42","101",,,"029000",,,,,,,,,,,,,,,,,,,,,,,,,,,,,,,,,,,"14000US42101029000","Census Tract 290",,,,3489,3279,210,93.98,6.02
"42101029100","Census Tract 291, Philadelphia County, Pennsylvania","ACSSF","pa","140","00","0009089",,,,,"42","101",,,"029100",,,,,,,,,,,,,,,,,,,,,,,,,,,,,,,,,,,"14000US42101029100","Census Tract 291",,,,1737,1602,135,92.23,7.77
"42101029200","Census Tract 292, Philadelphia County, Pennsylvania","ACSSF","pa","140","00","0009090",,,,,"42","101",,,"029200",,,,,,,,,,,,,,,,,,,,,,,,,,,,,,,,,,,"14000US42101029200","Census Tract 292",,,,2537,2297,240,90.54,9.46
"42101029300","Census Tract 293, Philadelphia County, Pennsylvania","ACSSF","pa","140","00","0009091",,,,,"42","101",,,"029300",,,,,,,,,,,,,,,,,,,,,,,,,,,,,,,,,,,"14000US42101029300","Census Tract 293",,,,1107,901,206,81.39,18.61
"42101029400","Census Tract 294, Philadelphia County, Pennsylvania","ACSSF","pa","140","00","0009092",,,,,"42","101",,,"029400",,,,,,,,,,,,,,,,,,,,,,,,,,,,,,,,,,,"14000US42101029400","Census Tract 294",,,,1369,1275,94,93.13,6.87
"42101029800","Census Tract 298, Philadelphia County, Pennsylvania","ACSSF","pa","140","00","0009093",,,,,"42","101",,,"029800",,,,,,,,,,,,,,,,,,,,,,,,,,,,,,,,,,,"14000US42101029800","Census Tract 298",,,,2390,2035,355,85.15,14.85
"42101029900","Census Tract 299, Philadelphia County, Pennsylvania","ACSSF","pa","140","00","0009094",,,,,"42","101",,,"029900",,,,,,,,,,,,,,,,,,,,,,,,,,,,,,,,,,,"14000US42101029900","Census Tract 299",,,,1624,1250,374,76.97,23.03
"42101030000","Census Tract 300, Philadelphia County, Pennsylvania","ACSSF","pa","140","00","0009095",,,,,"42","101",,,"030000",,,,,,,,,,,,,,,,,,,,,,,,,,,,,,,,,,,"14000US42101030000","Census Tract 300",,,,2628,2414,214,91.86,8.14
"42101030100","Census Tract 301, Philadelphia County, Pennsylvania","ACSSF","pa","140","00","0009096",,,,,"42","101",,,"030100",,,,,,,,,,,,,,,,,,,,,,,,,,,,,,,,,,,"14000US42101030100","Census Tract 301",,,,2598,2094,504,80.6,19.4
"42101030200","Census Tract 302, Philadelphia County, Pennsylvania","ACSSF","pa","140","00","0009097",,,,,"42","101",,,"030200",,,,,,,,,,,,,,,,,,,,,,,,,,,,,,,,,,,"14000US42101030200","Census Tract 302",,,,3698,3245,453,87.75,12.25
"42101030501","Census Tract 305.01, Philadelphia County, Pennsylvania","ACSSF","pa","140","00","0009098",,,,,"42","101",,,"030501",,,,,,,,,,,,,,,,,,,,,,,,,,,,,,,,,,,"14000US42101030501","Census Tract 305.01",,,,2146,1920,226,89.47,10.53
"42101030502","Census Tract 305.02, Philadelphia County, Pennsylvania","ACSSF","pa","140","00","0009099",,,,,"42","101",,,"030502",,,,,,,,,,,,,,,,,,,,,,,,,,,,,,,,,,,"14000US42101030502","Census Tract 305.02",,,,2889,2585,304,89.48,10.52
"42101030600","Census Tract 306, Philadelphia County, Pennsylvania","ACSSF","pa","140","00","0009100",,,,,"42","101",,,"030600",,,,,,,,,,,,,,,,,,,,,,,,,,,,,,,,,,,"14000US42101030600","Census Tract 306",,,,3813,3548,265,93.05,6.95
"42101030700","Census Tract 307, Philadelphia County, Pennsylvania","ACSSF","pa","140","00","0009101",,,,,"42","101",,,"030700",,,,,,,,,,,,,,,,,,,,,,,,,,,,,,,,,,,"14000US42101030700","Census Tract 307",,,,2492,2300,192,92.3,7.7
"42101030800","Census Tract 308, Philadelphia County, Pennsylvania","ACSSF","pa","140","00","0009102",,,,,"42","101",,,"030800",,,,,,,,,,,,,,,,,,,,,,,,,,,,,,,,,,,"14000US42101030800","Census Tract 308",,,,2667,2515,152,94.3,5.7
"42101030900","Census Tract 309, Philadelphia County, Pennsylvania","ACSSF","pa","140","00","0009103",,,,,"42","101",,,"030900",,,,,,,,,,,,,,,,,,,,,,,,,,,,,,,,,,,"14000US42101030900","Census Tract 309",,,,2215,2157,58,97.38,2.62
"42101031000","Census Tract 310, Philadelphia County, Pennsylvania","ACSSF","pa","140","00","0009104",,,,,"42","101",,,"031000",,,,,,,,,,,,,,,,,,,,,,,,,,,,,,,,,,,"14000US42101031000","Census Tract 310",,,,3740,3598,142,96.2,3.8
"42101031101","Census Tract 311.01, Philadelphia County, Pennsylvania","ACSSF","pa","140","00","0009105",,,,,"42","101",,,"031101",,,,,,,,,,,,,,,,,,,,,,,,,,,,,,,,,,,"14000US42101031101","Census Tract 311.01",,,,2324,1986,338,85.46,14.54
"42101031102","Census Tract 311.02, Philadelphia County, Pennsylvania","ACSSF","pa","140","00","0009106",,,,,"42","101",,,"031102",,,,,,,,,,,,,,,,,,,,,,,,,,,,,,,,,,,"14000US42101031102","Census Tract 311.02",,,,2082,1867,215,89.67,10.33
"42101031200","Census Tract 312, Philadelphia County, Pennsylvania","ACSSF","pa","140","00","0009107",,,,,"42","101",,,"031200",,,,,,,,,,,,,,,,,,,,,,,,,,,,,,,,,,,"14000US42101031200","Census Tract 312",,,,3410,2696,714,79.06,20.94
"42101031300","Census Tract 313, Philadelphia County, Pennsylvania","ACSSF","pa","140","00","0009108",,,,,"42","101",,,"031300",,,,,,,,,,,,,,,,,,,,,,,,,,,,,,,,,,,"14000US42101031300","Census Tract 313",,,,3636,3202,434,88.06,11.94
"42101031401","Census Tract 314.01, Philadelphia County, Pennsylvania","ACSSF","pa","140","00","0009109",,,,,"42","101",,,"031401",,,,,,,,,,,,,,,,,,,,,,,,,,,,,,,,,,,"14000US42101031401","Census Tract 314.01",,,,3487,3275,212,93.92,6.08
"42101031402","Census Tract 314.02, Philadelphia County, Pennsylvania","ACSSF","pa","140","00","0009110",,,,,"42","101",,,"031402",,,,,,,,,,,,,,,,,,,,,,,,,,,,,,,,,,,"14000US42101031402","Census Tract 314.02",,,,2869,2564,305,89.37,10.63
"42101031501","Census Tract 315.01, Philadelphia County, Pennsylvania","ACSSF","pa","140","00","0009111",,,,,"42","101",,,"031501",,,,,,,,,,,,,,,,,,,,,,,,,,,,,,,,,,,"14000US42101031501","Census Tract 315.01",,,,3887,3612,275,92.93,7.07
"42101031502","Census Tract 315.02, Philadelphia County, Pennsylvania","ACSSF","pa","140","00","0009112",,,,,"42","101",,,"031502",,,,,,,,,,,,,,,,,,,,,,,,,,,,,,,,,,,"14000US42101031502","Census Tract 315.02",,,,1814,1605,209,88.48,11.52
"42101031600","Census Tract 316, Philadelphia County, Pennsylvania","ACSSF","pa","140","00","0009113",,,,,"42","101",,,"031600",,,,,,,,,,,,,,,,,,,,,,,,,,,,,,,,,,,"14000US42101031600","Census Tract 316",,,,3110,2850,260,91.64,8.36
"42101031700","Census Tract 317, Philadelphia County, Pennsylvania","ACSSF","pa","140","00","0009114",,,,,"42","101",,,"031700",,,,,,,,,,,,,,,,,,,,,,,,,,,,,,,,,,,"14000US42101031700","Census Tract 317",,,,3169,2834,335,89.43,10.57
"42101031800","Census Tract 318, Philadelphia County, Pennsylvania","ACSSF","pa","140","00","0009115",,,,,"42","101",,,"031800",,,,,,,,,,,,,,,,,,,,,,,,,,,,,,,,,,,"14000US42101031800","Census Tract 318",,,,2473,2317,156,93.69,6.31
"42101031900","Census Tract 319, Philadelphia County, Pennsylvania","ACSSF","pa","140","00","0009116",,,,,"42","101",,,"031900",,,,,,,,,,,,,,,,,,,,,,,,,,,,,,,,,,,"14000US42101031900","Census Tract 319",,,,2809,2525,284,89.89,10.11
"42101032000","Census Tract 320, Philadelphia County, Pennsylvania","ACSSF","pa","140","00","0009117",,,,,"42","101",,,"032000",,,,,,,,,,,,,,,,,,,,,,,,,,,,,,,,,,,"14000US42101032000","Census Tract 320",,,,3698,3187,511,86.18,13.82
"42101032100","Census Tract 321, Philadelphia County, Pennsylvania","ACSSF","pa","140","00","0009118",,,,,"42","101",,,"032100",,,,,,,,,,,,,,,,,,,,,,,,,,,,,,,,,,,"14000US42101032100","Census Tract 321",,,,2113,1905,208,90.16,9.84
"42101032300","Census Tract 323, Philadelphia County, Pennsylvania","ACSSF","pa","140","00","0009119",,,,,"42","101",,,"032300",,,,,,,,,,,,,,,,,,,,,,,,,,,,,,,,,,,"14000US42101032300","Census Tract 323",,,,1599,1344,255,84.05,15.95
"42101032500","Census Tract 325, Philadelphia County, Pennsylvania","ACSSF","pa","140","00","0009120",,,,,"42","101",,,"032500",,,,,,,,,,,,,,,,,,,,,,,,,,,,,,,,,,,"14000US42101032500","Census Tract 325",,,,2724,2239,485,82.2,17.8
"42101032600","Census Tract 326, Philadelphia County, Pennsylvania","ACSSF","pa","140","00","0009121",,,,,"42","101",,,"032600",,,,,,,,,,,,,,,,,,,,,,,,,,,,,,,,,,,"14000US42101032600","Census Tract 326",,,,4185,3775,410,90.2,9.8
"42101032900","Census Tract 329, Philadelphia County, Pennsylvania","ACSSF","pa","140","00","0009122",,,,,"42","101",,,"032900",,,,,,,,,,,,,,,,,,,,,,,,,,,,,,,,,,,"14000US42101032900","Census Tract 329",,,,1753,1414,339,80.66,19.34
"42101033000","Census Tract 330, Philadelphia County, Pennsylvania","ACSSF","pa","140","00","0009123",,,,,"42","101",,,"033000",,,,,,,,,,,,,,,,,,,,,,,,,,,,,,,,,,,"14000US42101033000","Census Tract 330",,,,3874,3048,826,78.68,21.32
"42101033101","Census Tract 331.01, Philadelphia County, Pennsylvania","ACSSF","pa","140","00","0009124",,,,,"42","101",,,"033101",,,,,,,,,,,,,,,,,,,,,,,,,,,,,,,,,,,"14000US42101033101","Census Tract 331.01",,,,2252,2165,87,96.14,3.86
"42101033102","Census Tract 331.02, Philadelphia County, Pennsylvania","ACSSF","pa","140","00","0009125",,,,,"42","101",,,"033102",,,,,,,,,,,,,,,,,,,,,,,,,,,,,,,,,,,"14000US42101033102","Census Tract 331.02",,,,1975,1696,279,85.87,14.13
"42101033200","Census Tract 332, Philadelphia County, Pennsylvania","ACSSF","pa","140","00","0009126",,,,,"42","101",,,"033200",,,,,,,,,,,,,,,,,,,,,,,,,,,,,,,,,,,"14000US42101033200","Census Tract 332",,,,1560,1440,120,92.31,7.69
"42101033300","Census Tract 333, Philadelphia County, Pennsylvania","ACSSF","pa","140","00","0009127",,,,,"42","101",,,"033300",,,,,,,,,,,,,,,,,,,,,,,,,,,,,,,,,,,"14000US42101033300","Census Tract 333",,,,1453,1413,40,97.25,2.75
"42101033400","Census Tract 334, Philadelphia County, Pennsylvania","ACSSF","pa","140","00","0009128",,,,,"42","101",,,"033400",,,,,,,,,,,,,,,,,,,,,,,,,,,,,,,,,,,"14000US42101033400","Census Tract 334",,,,2717,2562,155,94.3,5.7
"42101033500","Census Tract 335, Philadelphia County, Pennsylvania","ACSSF","pa","140","00","0009129",,,,,"42","101",,,"033500",,,,,,,,,,,,,,,,,,,,,,,,,,,,,,,,,,,"14000US42101033500","Census Tract 335",,,,2183,1966,217,90.06,9.94
"42101033600","Census Tract 336, Philadelphia County, Pennsylvania","ACSSF","pa","140","00","0009130",,,,,"42","101",,,"033600",,,,,,,,,,,,,,,,,,,,,,,,,,,,,,,,,,,"14000US42101033600","Census Tract 336",,,,3708,3298,410,88.94,11.06
"42101033701","Census Tract 337.01, Philadelphia County, Pennsylvania","ACSSF","pa","140","00","0009131",,,,,"42","101",,,"033701",,,,,,,,,,,,,,,,,,,,,,,,,,,,,,,,,,,"14000US42101033701","Census Tract 337.01",,,,3546,3220,326,90.81,9.19
"42101033702","Census Tract 337.02, Philadelphia County, Pennsylvania","ACSSF","pa","140","00","0009132",,,,,"42","101",,,"033702",,,,,,,,,,,,,,,,,,,,,,,,,,,,,,,,,,,"14000US42101033702","Census Tract 337.02",,,,2435,2274,161,93.39,6.61
"42101033800","Census Tract 338, Philadelphia County, Pennsylvania","ACSSF","pa","140","00","0009133",,,,,"42","101",,,"033800",,,,,,,,,,,,,,,,,,,,,,,,,,,,,,,,,,,"14000US42101033800","Census Tract 338",,,,3566,3358,208,94.17,5.83
"42101033900","Census Tract 339, Philadelphia County, Pennsylvania","ACSSF","pa","140","00","0009134",,,,,"42","101",,,"033900",,,,,,,,,,,,,,,,,,,,,,,,,,,,,,,,,,,"14000US42101033900","Census Tract 339",,,,1394,1354,40,97.13,2.87
"42101034000","Census Tract 340, Philadelphia County, Pennsylvania","ACSSF","pa","140","00","0009135",,,,,"42","101",,,"034000",,,,,,,,,,,,,,,,,,,,,,,,,,,,,,,,,,,"14000US42101034000","Census Tract 340",,,,1530,1526,4,99.74,0.26
"42101034100","Census Tract 341, Philadelphia County, Pennsylvania","ACSSF","pa","140","00","0009136",,,,,"42","101",,,"034100",,,,,,,,,,,,,,,,,,,,,,,,,,,,,,,,,,,"14000US42101034100","Census Tract 341",,,,2656,2534,122,95.41,4.59
"42101034200","Census Tract 342, Philadelphia County, Pennsylvania","ACSSF","pa","140","00","0009137",,,,,"42","101",,,"034200",,,,,,,,,,,,,,,,,,,,,,,,,,,,,,,,,,,"14000US42101034200","Census Tract 342",,,,1656,1577,79,95.23,4.77
"42101034400","Census Tract 344, Philadelphia County, Pennsylvania","ACSSF","pa","140","00","0009138",,,,,"42","101",,,"034400",,,,,,,,,,,,,,,,,,,,,,,,,,,,,,,,,,,"14000US42101034400","Census Tract 344",,,,4137,4016,121,97.08,2.92
"42101034501","Census Tract 345.01, Philadelphia County, Pennsylvania","ACSSF","pa","140","00","0009139",,,,,"42","101",,,"034501",,,,,,,,,,,,,,,,,,,,,,,,,,,,,,,,,,,"14000US42101034501","Census Tract 345.01",,,,2610,2234,376,85.59,14.41
"42101034502","Census Tract 345.02, Philadelphia County, Pennsylvania","ACSSF","pa","140","00","0009140",,,,,"42","101",,,"034502",,,,,,,,,,,,,,,,,,,,,,,,,,,,,,,,,,,"14000US42101034502","Census Tract 345.02",,,,2724,2510,214,92.14,7.86
"42101034600","Census Tract 346, Philadelphia County, Pennsylvania","ACSSF","pa","140","00","0009141",,,,,"42","101",,,"034600",,,,,,,,,,,,,,,,,,,,,,,,,,,,,,,,,,,"14000US42101034600","Census Tract 346",,,,1474,1332,142,90.37,9.63
"42101034701","Census Tract 347.01, Philadelphia County, Pennsylvania","ACSSF","pa","140","00","0009142",,,,,"42","101",,,"034701",,,,,,,,,,,,,,,,,,,,,,,,,,,,,,,,,,,"14000US42101034701","Census Tract 347.01",,,,3559,3397,162,95.45,4.55
"42101034702","Census Tract 347.02, Philadelphia County, Pennsylvania","ACSSF","pa","140","00","0009143",,,,,"42","101",,,"034702",,,,,,,,,,,,,,,,,,,,,,,,,,,,,,,,,,,"14000US42101034702","Census Tract 347.02",,,,1888,1790,98,94.81,5.19
"42101034801","Census Tract 348.01, Philadelphia County, Pennsylvania","ACSSF","pa","140","00","0009144",,,,,"42","101",,,"034801",,,,,,,,,,,,,,,,,,,,,,,,,,,,,,,,,,,"14000US42101034801","Census Tract 348.01",,,,2494,2390,104,95.83,4.17
"42101034802","Census Tract 348.02, Philadelphia County, Pennsylvania","ACSSF","pa","140","00","0009145",,,,,"42","101",,,"034802",,,,,,,,,,,,,,,,,,,,,,,,,,,,,,,,,,,"14000US42101034802","Census Tract 348.02",,,,2678,2494,184,93.13,6.87
"42101034803","Census Tract 348.03, Philadelphia County, Pennsylvania","ACSSF","pa","140","00","0009146",,,,,"42","101",,,"034803",,,,,,,,,,,,,,,,,,,,,,,,,,,,,,,,,,,"14000US42101034803","Census Tract 348.03",,,,2089,1992,97,95.36,4.64
"42101034900","Census Tract 349, Philadelphia County, Pennsylvania","ACSSF","pa","140","00","0009147",,,,,"42","101",,,"034900",,,,,,,,,,,,,,,,,,,,,,,,,,,,,,,,,,,"14000US42101034900","Census Tract 349",,,,2579,2364,215,91.66,8.34
"42101035100","Census Tract 351, Philadelphia County, Pennsylvania","ACSSF","pa","140","00","0009148",,,,,"42","101",,,"035100",,,,,,,,,,,,,,,,,,,,,,,,,,,,,,,,,,,"14000US42101035100","Census Tract 351",,,,1828,1697,131,92.83,7.17
"42101035200","Census Tract 352, Philadelphia County, Pennsylvania","ACSSF","pa","140","00","0009149",,,,,"42","101",,,"035200",,,,,,,,,,,,,,,,,,,,,,,,,,,,,,,,,,,"14000US42101035200","Census Tract 352",,,,2847,2666,181,93.64,6.36
"42101035301","Census Tract 353.01, Philadelphia County, Pennsylvania","ACSSF","pa","140","00","0009150",,,,,"42","101",,,"035301",,,,,,,,,,,,,,,,,,,,,,,,,,,,,,,,,,,"14000US42101035301","Census Tract 353.01",,,,3102,2932,170,94.52,5.48
"42101035302","Census Tract 353.02, Philadelphia County, Pennsylvania","ACSSF","pa","140","00","0009151",,,,,"42","101",,,"035302",,,,,,,,,,,,,,,,,,,,,,,,,,,,,,,,,,,"14000US42101035302","Census Tract 353.02",,,,2069,1896,173,91.64,8.36
"42101035500","Census Tract 355, Philadelphia County, Pennsylvania","ACSSF","pa","140","00","0009152",,,,,"42","101",,,"035500",,,,,,,,,,,,,,,,,,,,,,,,,,,,,,,,,,,"14000US42101035500","Census Tract 355",,,,3640,3278,362,90.05,9.95
"42101035601","Census Tract 356.01, Philadelphia County, Pennsylvania","ACSSF","pa","140","00","0009153",,,,,"42","101",,,"035601",,,,,,,,,,,,,,,,,,,,,,,,,,,,,,,,,,,"14000US42101035601","Census Tract 356.01",,,,2342,2275,67,97.14,2.86
"42101035602","Census Tract 356.02, Philadelphia County, Pennsylvania","ACSSF","pa","140","00","0009154",,,,,"42","101",,,"035602",,,,,,,,,,,,,,,,,,,,,,,,,,,,,,,,,,,"14000US42101035602","Census Tract 356.02",,,,1797,1741,56,96.88,3.12
"42101035701","Census Tract 357.01, Philadelphia County, Pennsylvania","ACSSF","pa","140","00","0009155",,,,,"42","101",,,"035701",,,,,,,,,,,,,,,,,,,,,,,,,,,,,,,,,,,"14000US42101035701","Census Tract 357.01",,,,2466,2289,177,92.82,7.18
"42101035702","Census Tract 357.02, Philadelphia County, Pennsylvania","ACSSF","pa","140","00","0009156",,,,,"42","101",,,"035702",,,,,,,,,,,,,,,,,,,,,,,,,,,,,,,,,,,"14000US42101035702","Census Tract 357.02",,,,2028,1834,194,90.43,9.57
"42101035800","Census Tract 358, Philadelphia County, Pennsylvania","ACSSF","pa","140","00","0009157",,,,,"42","101",,,"035800",,,,,,,,,,,,,,,,,,,,,,,,,,,,,,,,,,,"14000US42101035800","Census Tract 358",,,,2764,2603,161,94.18,5.82
"42101035900","Census Tract 359, Philadelphia County, Pennsylvania","ACSSF","pa","140","00","0009158",,,,,"42","101",,,"035900",,,,,,,,,,,,,,,,,,,,,,,,,,,,,,,,,,,"14000US42101035900","Census Tract 359",,,,2074,1988,86,95.85,4.15
"42101036000","Census Tract 360, Philadelphia County, Pennsylvania","ACSSF","pa","140","00","0009159",,,,,"42","101",,,"036000",,,,,,,,,,,,,,,,,,,,,,,,,,,,,,,,,,,"14000US42101036000","Census Tract 360",,,,1548,1468,80,94.83,5.17
"42101036100","Census Tract 361, Philadelphia County, Pennsylvania","ACSSF","pa","140","00","0009160",,,,,"42","101",,,"036100",,,,,,,,,,,,,,,,,,,,,,,,,,,,,,,,,,,"14000US42101036100","Census Tract 361",,,,2151,2057,94,95.63,4.37
"42101036201","Census Tract 362.01, Philadelphia County, Pennsylvania","ACSSF","pa","140","00","0009161",,,,,"42","101",,,"036201",,,,,,,,,,,,,,,,,,,,,,,,,,,,,,,,,,,"14000US42101036201","Census Tract 362.01",,,,2674,2567,107,96,4
"42101036202","Census Tract 362.02, Philadelphia County, Pennsylvania","ACSSF","pa","140","00","0009162",,,,,"42","101",,,"036202",,,,,,,,,,,,,,,,,,,,,,,,,,,,,,,,,,,"14000US42101036202","Census Tract 362.02",,,,3120,2812,308,90.13,9.87
"42101036203","Census Tract 362.03, Philadelphia County, Pennsylvania","ACSSF","pa","140","00","0009163",,,,,"42","101",,,"036203",,,,,,,,,,,,,,,,,,,,,,,,,,,,,,,,,,,"14000US42101036203","Census Tract 362.03",,,,2410,2308,102,95.77,4.23
"42101036301","Census Tract 363.01, Philadelphia County, Pennsylvania","ACSSF","pa","140","00","0009164",,,,,"42","101",,,"036301",,,,,,,,,,,,,,,,,,,,,,,,,,,,,,,,,,,"14000US42101036301","Census Tract 363.01",,,,2216,1916,300,86.46,13.54
"42101036302","Census Tract 363.02, Philadelphia County, Pennsylvania","ACSSF","pa","140","00","0009165",,,,,"42","101",,,"036302",,,,,,,,,,,,,,,,,,,,,,,,,,,,,,,,,,,"14000US42101036302","Census Tract 363.02",,,,1892,1805,87,95.4,4.6
"42101036303","Census Tract 363.03, Philadelphia County, Pennsylvania","ACSSF","pa","140","00","0009166",,,,,"42","101",,,"036303",,,,,,,,,,,,,,,,,,,,,,,,,,,,,,,,,,,"14000US42101036303","Census Tract 363.03",,,,3593,3450,143,96.02,3.98
"42101036400","Census Tract 364, Philadelphia County, Pennsylvania","ACSSF","pa","140","00","0009167",,,,,"42","101",,,"036400",,,,,,,,,,,,,,,,,,,,,,,,,,,,,,,,,,,"14000US42101036400","Census Tract 364",,,,289,283,6,97.92,2.08
"42101036501","Census Tract 365.01, Philadelphia County, Pennsylvania","ACSSF","pa","140","00","0009168",,,,,"42","101",,,"036501",,,,,,,,,,,,,,,,,,,,,,,,,,,,,,,,,,,"14000US42101036501","Census Tract 365.01",,,,2646,2508,138,94.78,5.22
"42101036502","Census Tract 365.02, Philadelphia County, Pennsylvania","ACSSF","pa","140","00","0009169",,,,,"42","101",,,"036502",,,,,,,,,,,,,,,,,,,,,,,,,,,,,,,,,,,"14000US42101036502","Census Tract 365.02",,,,2493,2451,42,98.32,1.68
"42101036600","Census Tract 366, Philadelphia County, Pennsylvania","ACSSF","pa","140","00","0009170",,,,,"42","101",,,"036600",,,,,,,,,,,,,,,,,,,,,,,,,,,,,,,,,,,"14000US42101036600","Census Tract 366",,,,1687,1662,25,98.52,1.48
"42101036700","Census Tract 367, Philadelphia County, Pennsylvania","ACSSF","pa","140","00","0009171",,,,,"42","101",,,"036700",,,,,,,,,,,,,,,,,,,,,,,,,,,,,,,,,,,"14000US42101036700","Census Tract 367",,,,2669,2623,46,98.28,1.72
"42101036901","Census Tract 369.01, Philadelphia County, Pennsylvania","ACSSF","pa","140","00","0009172",,,,,"42","101",,,"036901",,,,,,,,,,,,,,,,,,,,,,,,,,,,,,,,,,,"14000US42101036901","Census Tract 369.01",,,,0,0,0,,
"42101036902","Census Tract 369.02, Philadelphia County, Pennsylvania","ACSSF","pa","140","00","0009173",,,,,"42","101",,,"036902",,,,,,,,,,,,,,,,,,,,,,,,,,,,,,,,,,,"14000US42101036902","Census Tract 369.02",,,,2061,1898,163,92.09,7.91
"42101037200","Census Tract 372, Philadelphia County, Pennsylvania","ACSSF","pa","140","00","0009174",,,,,"42","101",,,"037200",,,,,,,,,,,,,,,,,,,,,,,,,,,,,,,,,,,"14000US42101037200","Census Tract 372",,,,1926,1820,106,94.5,5.5
"42101037300","Census Tract 373, Philadelphia County, Pennsylvania","ACSSF","pa","140","00","0009175",,,,,"42","101",,,"037300",,,,,,,,,,,,,,,,,,,,,,,,,,,,,,,,,,,"14000US42101037300","Census Tract 373",,,,3117,2975,142,95.44,4.56
"42101037500","Census Tract 375, Philadelphia County, Pennsylvania","ACSSF","pa","140","00","0009176",,,,,"42","101",,,"037500",,,,,,,,,,,,,,,,,,,,,,,,,,,,,,,,,,,"14000US42101037500","Census Tract 375",,,,1700,1520,180,89.41,10.59
"42101037600","Census Tract 376, Philadelphia County, Pennsylvania","ACSSF","pa","140","00","0009177",,,,,"42","101",,,"037600",,,,,,,,,,,,,,,,,,,,,,,,,,,,,,,,,,,"14000US42101037600","Census Tract 376",,,,2371,2191,180,92.41,7.59
"42101037700","Census Tract 377, Philadelphia County, Pennsylvania","ACSSF","pa","140","00","0009178",,,,,"42","101",,,"037700",,,,,,,,,,,,,,,,,,,,,,,,,,,,,,,,,,,"14000US42101037700","Census Tract 377",,,,2201,1771,430,80.46,19.54
"42101037800","Census Tract 378, Philadelphia County, Pennsylvania","ACSSF","pa","140","00","0009179",,,,,"42","101",,,"037800",,,,,,,,,,,,,,,,,,,,,,,,,,,,,,,,,,,"14000US42101037800","Census Tract 378",,,,1455,1377,78,94.64,5.36
"42101037900","Census Tract 379, Philadelphia County, Pennsylvania","ACSSF","pa","140","00","0009180",,,,,"42","101",,,"037900",,,,,,,,,,,,,,,,,,,,,,,,,,,,,,,,,,,"14000US42101037900","Census Tract 379",,,,2889,2625,264,90.86,9.14
"42101038000","Census Tract 380, Philadelphia County, Pennsylvania","ACSSF","pa","140","00","0009181",,,,,"42","101",,,"038000",,,,,,,,,,,,,,,,,,,,,,,,,,,,,,,,,,,"14000US42101038000","Census Tract 380",,,,988,863,125,87.35,12.65
"42101038100","Census Tract 381, Philadelphia County, Pennsylvania","ACSSF","pa","140","00","0009182",,,,,"42","101",,,"038100",,,,,,,,,,,,,,,,,,,,,,,,,,,,,,,,,,,"14000US42101038100","Census Tract 381",,,,420,319,101,75.95,24.05
"42101038200","Census Tract 382, Philadelphia County, Pennsylvania","ACSSF","pa","140","00","0009183",,,,,"42","101",,,"038200",,,,,,,,,,,,,,,,,,,,,,,,,,,,,,,,,,,"14000US42101038200","Census Tract 382",,,,1146,1040,106,90.75,9.25
"42101038301","Census Tract 383.01, Philadelphia County, Pennsylvania","ACSSF","pa","140","00","0009184",,,,,"42","101",,,"038301",,,,,,,,,,,,,,,,,,,,,,,,,,,,,,,,,,,"14000US42101038301","Census Tract 383.01",,,,812,707,105,87.07,12.93
"42101038400","Census Tract 384, Philadelphia County, Pennsylvania","ACSSF","pa","140","00","0009185",,,,,"42","101",,,"038400",,,,,,,,,,,,,,,,,,,,,,,,,,,,,,,,,,,"14000US42101038400","Census Tract 384",,,,1370,1324,46,96.64,3.36
"42101038500","Census Tract 385, Philadelphia County, Pennsylvania","ACSSF","pa","140","00","0009186",,,,,"42","101",,,"038500",,,,,,,,,,,,,,,,,,,,,,,,,,,,,,,,,,,"14000US42101038500","Census Tract 385",,,,964,909,55,94.29,5.71
"42101038600","Census Tract 386, Philadelphia County, Pennsylvania","ACSSF","pa","140","00","0009187",,,,,"42","101",,,"038600",,,,,,,,,,,,,,,,,,,,,,,,,,,,,,,,,,,"14000US42101038600","Census Tract 386",,,,794,763,31,96.1,3.9
"42101038700","Census Tract 387, Philadelphia County, Pennsylvania","ACSSF","pa","140","00","0009188",,,,,"42","101",,,"038700",,,,,,,,,,,,,,,,,,,,,,,,,,,,,,,,,,,"14000US42101038700","Census Tract 387",,,,1257,1218,39,96.9,3.1
"42101038800","Census Tract 388, Philadelphia County, Pennsylvania","ACSSF","pa","140","00","0009189",,,,,"42","101",,,"038800",,,,,,,,,,,,,,,,,,,,,,,,,,,,,,,,,,,"14000US42101038800","Census Tract 388",,,,2136,2024,112,94.76,5.24
"42101038900","Census Tract 389, Philadelphia County, Pennsylvania","ACSSF","pa","140","00","0009190",,,,,"42","101",,,"038900",,,,,,,,,,,,,,,,,,,,,,,,,,,,,,,,,,,"14000US42101038900","Census Tract 389",,,,1532,1200,332,78.33,21.67
"42101039001","Census Tract 390.01, Philadelphia County, Pennsylvania","ACSSF","pa","140","00","0009191",,,,,"42","101",,,"039001",,,,,,,,,,,,,,,,,,,,,,,,,,,,,,,,,,,"14000US42101039001","Census Tract 390.01",,,,1787,1585,202,88.7,11.3
"42101039002","Census Tract 390.02, Philadelphia County, Pennsylvania","ACSSF","pa","140","00","0009192",,,,,"42","101",,,"039002",,,,,,,,,,,,,,,,,,,,,,,,,,,,,,,,,,,"14000US42101039002","Census Tract 390.02",,,,2246,1939,307,86.33,13.67
"42101039100","Census Tract 391, Philadelphia County, Pennsylvania","ACSSF","pa","140","00","0009193",,,,,"42","101",,,"039100",,,,,,,,,,,,,,,,,,,,,,,,,,,,,,,,,,,"14000US42101039100","Census Tract 391",,,,1348,1147,201,85.09,14.91
"42101980001","Census Tract 9800.01, Philadelphia County, Pennsylvania","ACSSF","pa","140","00","0009194",,,,,"42","101",,,"980001",,,,,,,,,,,,,,,,,,,,,,,,,,,,,,,,,,,"14000US42101980001","Census Tract 9800.01",,,,0,0,0,,
"42101980002","Census Tract 9800.02, Philadelphia County, Pennsylvania","ACSSF","pa","140","00","0009195",,,,,"42","101",,,"980002",,,,,,,,,,,,,,,,,,,,,,,,,,,,,,,,,,,"14000US42101980002","Census Tract 9800.02",,,,0,0,0,,
"42101980003","Census Tract 9800.03, Philadelphia County, Pennsylvania","ACSSF","pa","140","00","0009196",,,,,"42","101",,,"980003",,,,,,,,,,,,,,,,,,,,,,,,,,,,,,,,,,,"14000US42101980003","Census Tract 9800.03",,,,0,0,0,,
"42101980100","Census Tract 9801, Philadelphia County, Pennsylvania","ACSSF","pa","140","00","0009197",,,,,"42","101",,,"980100",,,,,,,,,,,,,,,,,,,,,,,,,,,,,,,,,,,"14000US42101980100","Census Tract 9801",,,,128,128,0,100,0
"42101980200","Census Tract 9802, Philadelphia County, Pennsylvania","ACSSF","pa","140","00","0009198",,,,,"42","101",,,"980200",,,,,,,,,,,,,,,,,,,,,,,,,,,,,,,,,,,"14000US42101980200","Census Tract 9802",,,,50,42,8,84,16
"42101980300","Census Tract 9803, Philadelphia County, Pennsylvania","ACSSF","pa","140","00","0009199",,,,,"42","101",,,"980300",,,,,,,,,,,,,,,,,,,,,,,,,,,,,,,,,,,"14000US42101980300","Census Tract 9803",,,,0,0,0,,
"42101980400","Census Tract 9804, Philadelphia County, Pennsylvania","ACSSF","pa","140","00","0009200",,,,,"42","101",,,"980400",,,,,,,,,,,,,,,,,,,,,,,,,,,,,,,,,,,"14000US42101980400","Census Tract 9804",,,,0,0,0,,
"42101980500","Census Tract 9805, Philadelphia County, Pennsylvania","ACSSF","pa","140","00","0009201",,,,,"42","101",,,"980500",,,,,,,,,,,,,,,,,,,,,,,,,,,,,,,,,,,"14000US42101980500","Census Tract 9805",,,,0,0,0,,
"42101980600","Census Tract 9806, Philadelphia County, Pennsylvania","ACSSF","pa","140","00","0009202",,,,,"42","101",,,"980600",,,,,,,,,,,,,,,,,,,,,,,,,,,,,,,,,,,"14000US42101980600","Census Tract 9806",,,,0,0,0,,
"42101980701","Census Tract 9807.01, Philadelphia County, Pennsylvania","ACSSF","pa","140","00","0009203",,,,,"42","101",,,"980701",,,,,,,,,,,,,,,,,,,,,,,,,,,,,,,,,,,"14000US42101980701","Census Tract 9807.01",,,,0,0,0,,
"42101980702","Census Tract 9807.02, Philadelphia County, Pennsylvania","ACSSF","pa","140","00","0009204",,,,,"42","101",,,"980702",,,,,,,,,,,,,,,,,,,,,,,,,,,,,,,,,,,"14000US42101980702","Census Tract 9807.02",,,,0,0,0,,
"42101980800","Census Tract 9808, Philadelphia County, Pennsylvania","ACSSF","pa","140","00","0009205",,,,,"42","101",,,"980800",,,,,,,,,,,,,,,,,,,,,,,,,,,,,,,,,,,"14000US42101980800","Census Tract 9808",,,,0,0,0,,
"42101980901","Census Tract 9809.01, Philadelphia County, Pennsylvania","ACSSF","pa","140","00","0009206",,,,,"42","101",,,"980901",,,,,,,,,,,,,,,,,,,,,,,,,,,,,,,,,,,"14000US42101980901","Census Tract 9809.01",,,,0,0,0,,
"42101980902","Census Tract 9809.02, Philadelphia County, Pennsylvania","ACSSF","pa","140","00","0009207",,,,,"42","101",,,"980902",,,,,,,,,,,,,,,,,,,,,,,,,,,,,,,,,,,"14000US42101980902","Census Tract 9809.02",,,,0,0,0,,
"42101980903","Census Tract 9809.03, Philadelphia County, Pennsylvania","ACSSF","pa","140","00","0009208",,,,,"42","101",,,"980903",,,,,,,,,,,,,,,,,,,,,,,,,,,,,,,,,,,"14000US42101980903","Census Tract 9809.03",,,,0,0,0,,
"42101980904","Census Tract 9809.04, Philadelphia County, Pennsylvania","ACSSF","pa","140","00","0009209",,,,,"42","101",,,"980904",,,,,,,,,,,,,,,,,,,,,,,,,,,,,,,,,,,"14000US42101980904","Census Tract 9809.04",,,,0,0,0,,
"42101980905","Census Tract 9809.05, Philadelphia County, Pennsylvania","ACSSF","pa","140","00","0009210",,,,,"42","101",,,"980905",,,,,,,,,,,,,,,,,,,,,,,,,,,,,,,,,,,"14000US42101980905","Census Tract 9809.05",,,,0,0,0,,
"42101980906","Census Tract 9809.06, Philadelphia County, Pennsylvania","ACSSF","pa","140","00","0009211",,,,,"42","101",,,"980906",,,,,,,,,,,,,,,,,,,,,,,,,,,,,,,,,,,"14000US42101980906","Census Tract 9809.06",,,,0,0,0,,
"42101989100","Census Tract 9891, Philadelphia County, Pennsylvania","ACSSF","pa","140","00","0009212",,,,,"42","101",,,"989100",,,,,,,,,,,,,,,,,,,,,,,,,,,,,,,,,,,"14000US42101989100","Census Tract 9891",,,,22,11,11,50,50
"42101989200","Census Tract 9892, Philadelphia County, Pennsylvania","ACSSF","pa","140","00","0009213",,,,,"42","101",,,"989200",,,,,,,,,,,,,,,,,,,,,,,,,,,,,,,,,,,"14000US42101989200","Census Tract 9892",,,,0,0,0,,
"42101989300","Census Tract 9893, Philadelphia County, Pennsylvania","ACSSF","pa","140","00","0009214",,,,,"42","101",,,"989300",,,,,,,,,,,,,,,,,,,,,,,,,,,,,,,,,,,"14000US42101989300","Census Tract 9893",,,,0,0,0,,
